Title,Title_CKIP,Category
捷運間隔5分鐘放人進站　人潮塞爆國父紀念館站,捷運　間隔　5分鐘　放　人　進站　人潮　塞爆　國父　紀念館　站,t
高捷延至兩點收班　夢時代跨年人潮1小時散去,高捷　延至　兩　點收　班　夢時代　跨年　人潮　1　小時　散去,t
31日北捷運量226.7萬人　比前年少40萬人,31　日　北　捷運　量　226.7　萬　人　比　前　年少　40萬　人,t
北捷跨年輸運減少38萬人次　是因假日沒上班族,北捷　跨年　輸運　減少　38萬　人次　是　因　假日　沒　上班族,t
元旦連假收尾　高鐵烏日站午後湧人潮,元旦　連假　收尾　高鐵　烏日站　午後　湧　人潮,t
高鐵年終2個月　郵局最高4.4個月,高鐵　年終　2　個　月　郵局　最　高　4.4　個　月,o
神到她了！他跪求神捷運臭臉正妹　結果暴動了,神　到　她　了　！　他　跪　求神　捷運　臭　臉　正妹　結果　暴動　了,o
一例一休後　年終獎金發多少？高鐵這麼說,一例一休　後　年終　獎金　發　多少　？　高鐵　這麼　說,o
一例一休衝擊　高鐵台鐵：暫不調漲票價,一例一休　衝擊　高鐵　台鐵　：　暫不　調漲　票價,e
高鐵通車10周年　紀念票卡組禮盒明開賣,高鐵　通車　10　周年　紀念　票卡組　禮盒　明　開賣,e
高鐵下個10年學者：用大數據開發商機,高鐵　下　個　10　年　學者　：　用　大數據　開發　商機,o
高鐵今通車滿10年　他說「像看著孩子長大」,高鐵　今　通車　滿　10　年　他　說　「　像　看　著　孩子　長大　」,o
高鐵通車滿10年　「國土移動」原地踏步,高鐵　通車　滿　10　年　「　國土　移動　」　原地　踏步,o
得罪新潮流、段宜康　韓國瑜：好像被高鐵列車撞到,得罪　新　潮流　、　段宜康　韓國　瑜　：　好像　被　高鐵　列車　撞到,o
交長要高鐵認養集集線　台鐵局：未聽說,交長　要　高鐵　認養　集集線　台鐵局　：　未　聽說,o
高鐵通車10年　網友想當年...,高鐵　通車　10　年　網友　想　當年　...,o
捷運微電影很催淚　網友看完卻劃錯重點,捷運　微　電影　很　催淚　網友　看完　卻　劃錯　重點,o
高捷赤字bye　去年日均運量首破17萬,高捷　赤字　bye　去年日　均　運量　首破　17萬,t
高鐵延伸屏東交通部將做可行性評估,高鐵　延伸　屏東　交通部　將　做　可行性　評估,o
高鐵大學生返校5折優惠列車 　半夜開搶,高鐵　大學生　返校　5　折　優惠　列車　半夜　開　搶,e
高鐵南延屏東無期　潘孟安轟賀陳旦：冰冷倨傲,高鐵　南延　屏東　無期　潘孟安轟　賀陳旦　：　冰冷　倨傲,o
高鐵南延屏東案　高鐵局：去年已完成初步工程評估,高鐵　南延　屏東案　高鐵局　：　去年　已　完成　初步　工程　評估,o
高鐵若南延屏東　恐花900億元卻只快9分鐘,高鐵　若　南延　屏東　恐　花　900億　元　卻　只　快　9　分鐘,o
高鐵南延屏東　高鐵公司這樣回應,高鐵　南延　屏東　高鐵　公司　這樣　回應,o
首度盈餘！高捷去年賺7400萬　暫不全面調薪,首度　盈餘　！　高捷　去年　賺　7400萬　暫不　全面　調薪,o
桃捷徵才逾萬人報考錄取率僅2%,桃捷　徵才　逾　萬　人　報考　錄取率　僅　2%,o
擠破頭！13博士、千名碩士報考機捷　但只有210個缺,擠破　頭　！　13　博士　、　千　名　碩士　報考　機捷　但　只　有　210　個　缺,o
出家人捷運霸位？　正義魔人被接力打臉,出家人　捷運　霸　位　？　正義　魔人　被　接力　打臉,o
高鐵周一晨間3班北上列車自由座車廂空　可多搭乘,高鐵　周一　晨間　3　班　北上　列車　自由　座車廂　空　可　多　搭乘,t
二二八連假高鐵加班車28日凌晨賣,二二八　連假　高鐵　加班車　28日　凌晨　賣,e
買不到高鐵早鳥票　民眾質疑有人掃票,買不到　高鐵　早　鳥票　民眾　質疑　有　人　掃票,e
疏運228連假人潮　高鐵加開142班次列車,疏運　228　連假　人潮　高鐵　加開　142　班次　列車,t
左營高鐵站無障礙健檢　電梯不友善,左營　高鐵　站無　障礙　健檢　電梯　不　友善,s
北捷環狀線爆棄土弊案　捷運局：配合調查,北捷　環狀　線　爆　棄土　弊案　捷運局　：　配合　調查,o
高鐵春節疏運啟動9天1576班,高鐵　春節　疏運　啟動　9　天　1576　班,t
機場捷運將通車　各站票價看這裡,機場捷運　將　通車　各　站　票價　看　這裡,e
高鐵湧現返鄉人潮　今明加開4班全車自由座列車,高鐵　湧現　返鄉　人潮　今明　加開　4　班　全　車　自由座　列車,t
視察松機遇旅客要離島海底高鐵　林全這樣神回,視察　松　機遇　旅客　要　離島　海底　高鐵　林全　這樣　神　回,o
到雙北各大廟宇拜拜免迷路　搭捷運就搞定,到　雙北　各　大　廟宇　拜拜　免　迷路　搭　捷運　就　搞定,o
高鐵昨道岔異常　兩班南下列車各延誤10餘分鐘,高鐵　昨　道岔　異常　兩　班　南下　列車　各　延誤　10餘　分鐘,t
高鐵春節疏運人次創新高　迄昨逾127萬人次,高鐵　春節　疏運　人次　創新高　迄　昨　逾　127萬　人次,t
【試試片】試乘機場捷運到桃機　總統蔡英文關心春節疏運,【　試試片　】　試　乘　機場捷運　到　桃機　總統　蔡英文　關心　春節　疏運,o
「等待20年實在太久」　蔡英文盼機捷讓等待值得,「　等待　20　年　實在　太　久　」　蔡　英文　盼　機捷　讓　等待　值得,o
老闆要員工加班理由超瞎　捷運延後收班都能掰,老闆　要　員工　加班　理由　超瞎　捷運　延後　收　班　都　能　掰,o
初四收假前一天　高鐵加開2班次疏運旅客,初四　收假　前　一　天　高鐵　加開　2　班次　疏運　旅客,t
初三逾25萬人搭高鐵　旅客人數創新高,初三　逾　25萬　人　搭　高鐵　旅客　人數　創新高,t
機場捷運即將試乘　鄭文燦：打造新門面，帶領台灣進步,機場捷運　即將　試　乘　鄭　文　燦　：　打造　新　門面　，　帶領　台灣　進步,o
機場捷運將上路　民眾：多些直達車要準點,機場捷運　將　上路　民眾　：　多　些　直達車　要　準　點,o
機場捷運開通　民眾這麼說……,機場捷運　開通　民眾　這麼　說　……,o
高鐵疏運北返旅客午後加開2班車,高鐵　疏運　北　返　旅客　午後　加開　2　班車,t
公車難等又塞國道　機捷能解林口人的苦,公車　難　等　又　塞　國道　機捷　能　解　林口人　的　苦,o
機場捷運團體試營運免費試乘,機場捷運　團體　試營運　免費　試　乘,e
台灣燈會高鐵加開38班車9成自由座,台灣　燈會　高鐵　加開　38　班車　9成　自由座,t
【有片】機場捷運試乘首發列車　鄭文燦率團搭乘,【　有片　】　機場捷運　試　乘　首發　列車　鄭文燦　率團　搭乘,o
【必看動畫】機捷今天試營運　想嘗鮮的快看試乘撇步,【　必　看　動畫　】　機捷　今天　試營運　想　嘗鮮　的　快　看　試　乘　撇步,o
感謝機捷員工家屬支持　喜邀親友體驗試營運,感謝　機捷　員工　家屬　支持　喜　邀　親友　體驗　試營運,o
台灣燈會在雲林　高鐵加開全車自由座列車,台灣　燈會　在　雲林　高鐵　加開　全　車　自由座　列車,t
機捷試乘首發團　民眾：不輸北、高捷運,機捷試　乘　首發　團　民眾　：　不　輸　北　、　高　捷運,o
【撇步片】機捷機場站到登機口方便嗎？　《蘋果》帶你實測,【　撇步片　】　機捷　機場　站到　登機口　方便　嗎　？　《　蘋果　》　帶　你　實　測,o
機場捷運首日試乘　鄭文燦自評：85分以上,機場捷運　首日　試　乘　鄭　文　燦　自　評　：　85　分　以上,o
搭高鐵賞台灣燈會4日開放購票,搭　高鐵　賞　台灣　燈會　4日　開放　購票,e
身障者搭高鐵　陪同者卻買不到票,身障者搭　高鐵　陪同　者　卻　買不到　票,e
麥擱傳啦！　60歲搭高鐵無7.5折熟年優惠,麥擱　傳　啦　！　60　歲　搭　高鐵　無　7.5　折　熟年　優惠,e
等了20年機捷終於通了　最快1年向廠商求償38.4億元,等　了　20　年　機捷　終於　通　了　最　快　1　年　向　廠商　求償　38.4　億　元,o
寒假準備收假    高鐵推大學生開學返校5折列車,寒假　準備　收假　高鐵　推　大學生　開學　返校　5　折　列車,e
高鐵邀賞蘭展車票8折優惠套票,高鐵　邀賞蘭展　車票　8　折　優惠　套票,e
高鐵祭210張免費票　邀民眾到南港站搭車,高鐵　祭　210　張　免費票　邀　民眾　到　南港　站　搭　車,e
想到雲林看台灣燈會　部落客教你搭高鐵,想到　雲林　看　台灣　燈會　部落客　教　你　搭　高鐵,o
捷運萬大線北市段全面啟動　今辦動土祈福典禮,捷運　萬大　線　北市　段　全面　啟動　今辦　動土　祈福　典禮,o
推動捷運黃線高市府結合立委出擊,推動　捷運　黃線高　市府　結合　立委　出擊,o
機場捷運16日起開放自由試乘,機場捷運　16　日　起　開放　自由　試　乘,e
機場捷運明起免費搭　活動規則看這裡,機場捷運　明　起　免費　搭　活動　規則　看　這裡,e
【教學片】機捷明起開放大眾試乘　預辦登機同日試辦,【　教學片　】　機捷　明　起　開放　大眾　試　乘　預辦　登機　同　日　試辦,e
試乘機捷讚乘坐品質優異　柯Ｐ：給機捷打99分,試　乘機　捷讚　乘坐　品質　優異　柯　Ｐ　：　給　機捷　打　99　分,o
行政院通過　台南蓋高架單軌捷運,行政院　通過　台南　蓋　高架　單軌　捷運,o
228連假高鐵加開6班尖峰時段列車　周六凌晨開放購票,228　連假　高鐵　加開　6　班　尖峰　時段　列車　周六　凌晨　開放　購票,e
鄭文燦與使節團搭捷運　期讓世界看見台灣,鄭文燦　與　使節團　搭　捷運　期　讓　世界　看見　台灣,o
台灣高鐵經驗海外輸出首次競標失利,台灣高鐵　經驗　海外　輸出　首　次　競標　失利,o
TMF國際音樂節喊卡　高鐵套票329前可退,TMF　國際　音樂節　喊卡　高鐵　套　票　329　前　可　退,e
捷運音效做電音　這一句讓網友笑噴,捷運　音效　做　電音　這　一　句　讓　網友　笑噴,o
女星搭高鐵哺乳引發討論　高鐵公司這麼說,女星　搭　高鐵　哺乳　引發　討論　高鐵　公司　這麼　說,o
疏運228連假人潮　西部地區高鐵班次增13%,疏運　228　連假　人潮　西部　地區　高鐵　班次　增　13　%,t
搶桃捷商機　持一卡通聯名卡再回饋5%,搶　桃捷　商機　持　一　卡通　聯名　卡　再　回饋　5%,e
旅客搭高鐵趕飛機　他們都抱怨這件事,旅客　搭　高鐵　趕　飛機　他們　都　抱怨　這　件　事,o
【你爆蘋果報】不只英文官網簡陋　機捷中文官網也被譏是宣傳政績網,【　你　爆　蘋果　報　】　不只　英文　官網　簡陋　機捷　中文　官網　也　被　譏　是　宣傳　政績網,o
北捷旅客去年日增逾5萬人次　去年高齡補助超過2億元,北捷　旅客　去年日　增逾　5萬　人次　去年　高齡　補助　超過　2億　元,t
桃園國民黨團書記長呼籲　確保安全無虞機捷才能通車,桃園　國民黨團　書記長　呼籲　確保　安全　無虞　機捷　才　能　通車,o
疏運228連假人潮　高鐵今明再加開4列車,疏運　228　連假　人潮　高鐵　今明　再　加開　4　列車,t
北捷發明魯夫鬃毛刷獲獎　能伸縮自如對付髒管道,北捷　發明　魯夫　鬃毛　刷　獲獎　能　伸縮　自如　對付　髒　管道,o
要女站長輪夜班導致被打傷？　北捷：員工誤解,要　女　站長　輪　夜班　導致　被　打傷　？　北捷　：　員工　誤解,o
連假收假高鐵下午晚間加開列車,連假　收假　高鐵　下午　晚間　加開　列車,t
視察機捷鄭文燦：試營運展現交通效益,視察　機捷　鄭文燦　：　試營運　展現　交通　效益,o
228連假收假日　台灣高鐵今加開2班列車疏運,228　連假　收假日　台灣高鐵　今　加開　2　班　列車　疏運,t
【半價片】機捷明天正式通車　第1個月票價5折,【　半價片　】　機捷　明天　正式　通車　第1　個　月　票價　5　折,e
【獨家】高鐵大力女攻擊列車長　3名男乘客也拉不住,【　獨家　】　高鐵　大力　女　攻擊　列車長　3　名　男　乘客　也　拉　不　住,o
【有理嗎？】他抱怨高鐵同酬不同工　網友酸「不爽別做」,【　有理　嗎　？　】　他　抱怨　高鐵　同酬　不同工　網友　酸　「　不　爽　別　做　」,o
機場捷運正式通車首月票價5折,機場捷運　正式　通車　首　月　票價　5　折,e
清明高鐵加班車4日凌晨開賣,清明　高鐵　加班車　4日　凌晨　開賣,e
中捷施工出包暫停日間吊掛作業,中捷　施工　出包　暫停　日間　吊掛　作業,o
手機太老舊的人　本月起無法用高鐵App了,手機　太　老舊　的　人本　月　起　無法　用　高鐵　App　了,o
【通樂片】機捷正式營運　學生、出國民眾：很方便,【　通樂片　】　機捷　正式　營運　學生　、　出國　民眾　：　很　方便,o
台中捷運工程又出包　鐵條「從天而降」砸車,台中　捷運　工程　又　出　包　鐵條　「　從天而降　」　砸　車,o
清明連假疏運期間　高鐵加開994列車,清明　連假　疏運　期間　高鐵　加開　994　列車,t
機場捷運正式營運　警方引導老榮民初體驗,機場捷運　正式　營運　警方　引導　老　榮民　初　體驗,o
機場捷運正式通車　柯Ｐ還是給99分,機場捷運　正式　通車　柯　Ｐ　還是　給　99　分,o
機場捷運虧到不省人事？　柯Ｐ：有機場不用怕,機場捷運　虧　到　不省人事　？　柯　Ｐ　：　有機場　不用　怕,o
台中捷運施工又出包　吊掛鋁條墜落砸車,台中　捷運　施工　又　出　包　吊掛　鋁條　墜落　砸　車,o
缺席機捷通車惹議　朱立倫：市府活動多,缺席　機捷　通車　惹　議　朱立倫　：　市府　活動　多,o
鄭文燦：另建三條捷運連結　打造北北桃軌道生活圈,鄭文燦　：　另　建　三　條　捷運　連結　打造　北北桃　軌道　生活圈,o
機捷營運首月票價5折　這樣搭機捷居然免費,機捷　營運　首月　票價　5　折　這樣　搭　機捷　居然　免費,e
雲林站通車1年多屋頂玻璃有裂痕　高鐵：安全無虞,雲林　站　通車　1　年　多　屋頂　玻璃　有　裂痕　高鐵　：　安全　無虞,o
捷運東區地下街漲租金 　店家抱怨搶錢,捷運　東區　地下街　漲　租金　店家　抱怨　搶　錢,o
台北捷運公司招募新血　最高月薪54Ｋ,台北　捷運　公司　招募　新血　最　高　月薪　54　Ｋ,o
機捷再推優惠票價專案　定期票最低五折,機捷　再　推　優惠　票價　專案　定期票　最　低　五　折,e
北捷月台門10年蓋不完？　議員要柯Ｐ出二備金解決,北捷　月台門　10年　蓋　不　完　？　議員　要　柯　Ｐ　出二備金　解決,o
清明連假熱門班次較客滿　高鐵再加開9列車,清明　連假　熱門　班次　較　客滿　高鐵　再　加開　9　列車,t
桃園捷運啟用跨年晚會　市長期許讓市民更幸福,桃園　捷運　啟用　跨年　晚會　市長　期許　讓　市民　更　幸福,e
台灣高鐵10週年慶　林全為探索館揭幕,台灣高鐵　10週年　慶　林　全　為　探索館　揭幕,o
機場捷運全載試乘　啟動和停靠會晃動,機場捷運　全　載　試　乘　啟動　和　停靠　會　晃動,s
台灣高鐵通車十周年　林全為高鐵探索館揭幕,台灣高鐵　通車　十　周年　林　全　為　高鐵　探索館　揭幕,o
機場捷運春節前試營運？交長：主觀上不期待,機場捷運　春節　前　試營運　？　交長　：　主觀　上　不　期待,o
機場捷運影像即時回傳　強化反恐防暴機制,機場捷運　影像　即時　回傳　強化　反恐　防　暴　機制,s
高鐵捐血傳愛董事長帶頭作公益,高鐵　捐血傳　愛　董事長　帶頭　作　公益,o
高鐵南延屏東　「難道要再多一個蚊子車站嗎」,高鐵　南延　屏東　「　難道　要　再　多　一　個　蚊子　車站　嗎　」,o
三鐵到機捷誰最快？《蘋果》實測４路徑,三鐵　到　機捷　誰　最　快　？　《　蘋果　》　實測４　路徑,o
北車和機捷間電動步道年底才完工　機捷改用高爾夫球車載客,北車　和　機捷　間　電動　步道　年底　才　完工　機捷　改用　高爾夫球車　載客,s
捷運座椅為何向內凹？　看完你就懂了,捷運　座椅　為何　向　內　凹　？　看完　你　就　懂　了,o
北捷一日票券被嫌醜　原因是這個,北捷　一　日　票券　被　嫌醜　原因　是　這　個,o
手扶梯兩邊都可站立？　北捷：僅忠孝復興站而已啦,手　扶梯　兩　邊　都　可　站立　？　北捷　：　僅　忠孝　復興　站　而已　啦,s
機場捷運營運前缺失完成改善　交部最快下周發營運許可,機場捷運　營運　前　缺失　完成　改善　交　部　最　快　下　周　發　營運　許可,o
【魔音動畫】哪一國的隔音牆？　機捷噪音穿腦引爆民怨,【　魔音　動畫　】　哪　一　國　的　隔音　牆　？　機捷　噪音　穿　腦　引爆　民怨,s
因應機捷通車　北捷列車顯示器更新,因　應機　捷　通車　北捷　列車　顯示器　更新,s
機捷噪音擾民　桃捷公司：配合協助處理,機捷　噪音　擾民　桃捷　公司　：　配合　協助　處理,s
因應機捷通車　北捷提早換列車顯示器內容,因　應機　捷　通車　北捷　提早　換　列車　顯示器　內容,s
網友臉書發起捷運左右站滿活動　逾千人有興趣,網友　臉書　發起　捷運　左右　站滿　活動　逾　千　人　有　興趣,e
明將出現首波春節返鄉人潮　高鐵要旅客這麼做,明　將　出現　首　波　春節　返鄉　人潮　高鐵　要　旅客　這麼　做,o
高鐵局證實　機場捷運2月2日試營運,高鐵局　證實　機場捷運　2月　2日　試營運,o
【好康片】機捷試營運免費　團體限6站、個人全線進出,【　好康片　】　機捷　試營運　免費　團體　限　6　站　、　個　人　全線　進出,e
賀陳旦親頒營運許可證　期勉機捷高品質服務,賀陳旦　親　頒　營運　許可證　期勉　機捷　高品質　服務,o
機場捷運通車在即　通緝犯圍捕演練好逼真,機場捷運　通車　在即　通緝犯　圍捕　演練　好　逼真,o
吳宗憲批台灣高鐵沒Wi-Fi　高鐵：8月可完成,吳宗憲批　台灣高鐵　沒　Wi-Fi　高鐵　：　8月　可　完成,o
除夕返鄉 高鐵台中站人多,除夕　返鄉　高鐵　台中站　人　多,o
運量漫出來　高捷閘門「嗶到嗓聲」,運量　漫　出來　高捷　閘門　「　嗶　到　嗓聲　」,o
收假前最後一天　高鐵台中站下午湧人潮,收假　前　最後　一　天　高鐵　台中站　下午　湧　人潮,t
【嚐鮮片】機場捷運車頭影片　帶你欣賞沿線風光,【　嚐鮮片　】　機場捷運　車頭　影片　帶　你　欣賞　沿線　風光,o
桃捷企業識別隱含3T意象運輸科技信賴,桃捷　企業　識別　隱含　3　T　意象　運輸　科技　信賴,o
機場捷運2/16-3/1民眾自由試乘,機場捷運　2　/　16　-　3　/　1　民眾　自由　試　乘,e
因應台北燈節　捷運西門站視人潮啟動管制,因應　台北　燈節　捷運　西門　站　視　人潮　啟動　管制,t
台中捷運綠線　首列電聯車今曝光,台中　捷運　綠線　首　列　電聯車　今　曝光,o
台北燈節很熱鬧　捷運西門站今午增加1.8萬人次,台北　燈節　很　熱鬧　捷運　西門　站今午　增加　1.8　萬　人次,t
【解答片】高鐵大小眼　只有大學生享優惠？,【　解答片　】　高鐵　大小　眼　只　有　大學生　享　優惠　？,e
捷運萬大線施工　北市府將拆40年陸橋,捷運　萬大　線　施工　北市府　將　拆　40　年　陸橋,o
【好康片】機捷人潮就是錢潮　飯店推優惠房價、餐廳送紅酒吸客,【　好康片　】　機捷　人潮　就　是　錢潮　飯店　推　優惠　房價　、　餐廳　送　紅酒　吸客,e
中捷電聯車市區遊行上千民眾爭相拍照[影],中捷　電聯車　市區　遊行　上千　民眾　爭相　拍照　[　影　],o
燈會熱潮高鐵雲林站單日破3.3萬人,燈會　熱潮　高鐵　雲林站　單日　破　3.3　萬　人,t
高捷要鋪纜提升隧道通訊頻寬,高捷　要　鋪纜　提升　隧道　通訊　頻寬,s
高鐵228假期增6班尖峰加班車18日開訂,高鐵　228　假期　增　6　班　尖峰　加班車　18日　開訂,t
因應機捷通車　北市消保官稽查台北地下街店家,因　應機　捷　通車　北市　消保官　稽查　台北　地下街　店家,o
機捷自由試乘　民眾：來看99分的捷運,機捷　自由　試　乘　民眾　：　來　看　99　分　的　捷運,o
【逛街片】機捷營運引人潮　三井OUTLET：相信會有所助益,【　逛街片　】　機捷　營運　引　人潮　三井　OUTLET　：　相信　會　有所　助益,o
【你爆蘋果報】機捷英文網站錯誤百出　官方這樣解釋,【　你　爆　蘋果　報　】　機捷　英文　網站　錯誤　百出　官方　這樣　解釋,o
【突破盲點】捷運文化悄悄改變　手扶梯靠右站已被挑戰,【　突破　盲點　】　捷運　文化　悄悄　改變　手　扶梯　靠　右　站　已　被　挑戰,o
機場捷運明天正式營運　逾130萬人次試乘,機場捷運　明天　正式　營運　逾　130萬　人次　試　乘,t
配合機捷正式營運　主題樂園半價搶客,配合　機捷　正式　營運　主題樂園　半價　搶　客,e
機場捷運2日通車早上6時首班車,機場捷運　2　日　通車　早上　6時　首　班車,t
曼谷機場捷運便利深受旅客喜愛,曼谷　機場捷運　便利　深受　旅客　喜愛,o
付錢了！人少了！機捷首日上班族搭乘少,付錢　了　！　人　少　了　！　機捷　首日　上班族　搭乘　少,o
機場捷運正式營運　部分車站難遮風避雨,機場捷運　正式　營運　部分　車站　難　遮風　避雨,o
鄭文燦要讓機捷未來　更舒適、安全、整點,鄭文燦　要　讓　機捷　未來　更　舒適　、　安全　、　整　點,o
查票易困擾旅客　機捷：直達與普通車單一票價,查票易　困擾　旅客　機捷　：　直達　與　普通車　單一　票價,e
中捷電聯車廂曝光　粉色座位好春天,中捷　電聯車　廂　曝光　粉色　座位　好　春天,s
快取寶驚傳財務危機　營運長、北捷均不知情,快取　寶　驚傳　財務危機　營運　長　、　北捷　均　不　知情,o
清明假期高鐵加開班車18日零時預購,清明　假期　高鐵　加開　班車　18日　零時　預購,t
龜山住戶抗議票價桃捷：穩定後調整,龜山　住戶　抗議　票價　桃捷　：　穩定　後　調整,e
副總統：生醫產業沿高鐵廊帶發展,副總統　：　生醫　產業　沿　高鐵　廊帶　發展,o
出國買高鐵聯票　下月起要漲價了,出國　買　高鐵　聯票　下　月　起　要　漲價　了,e
葉毓蘭嫌機捷太慢　林口長庚到桃園高鐵站花38分鐘,葉毓蘭嫌機捷　太　慢　林口　長庚　到　桃園　高鐵　站花　38　分鐘,t
柯Ｐ凌晨坐小黃去機捷　被發現在紅線搭車,柯　Ｐ　凌晨　坐　小黃　去　機捷　被　發現　在　紅線搭　車,o
高鐵3獨立董事名單是酬庸？交長：各有專長,高鐵　3　獨立董事　名單　是　酬庸　？　交長　：　各　有　專長,o
【搶好康】一卡通下月起嗶進高鐵　搭自由座再降2%,【　搶　好康　】　一　卡通　下　月　起　嗶　進　高鐵　搭　自由座　再　降2　%,e
一卡通高鐵合作恐衝擊悠遊卡　柯P：互相競爭並非壞事,一　卡通　高鐵　合作　恐　衝擊　悠遊　卡柯　P　：　互相　競爭　並非　壞事,e
高鐵增清晨北上列車中南部出國更方便,高鐵　增　清晨　北上　列車　中南部　出國　更　方便,t
【投訴有片】「實在真落漆」　機捷才剛通車資訊看板就故障,【　投訴　有片　】　「　實在　真　落漆　」　機捷　才　剛　通車　資訊　看板　就　故障,s
4月起一卡通也可以坐高鐵　不用再排隊買票,4月　起　一　卡通　也　可以　坐　高鐵　不用　再　排隊　買　票,e
高鐵優惠縮水　離峰9.6折班次將少2成,高鐵　優惠　縮水　離峰　9.6　折　班次　將　少　2成,e
空著的高鐵靠窗座位！潮嬤的這一天逼哭網友,空　著　的　高鐵　靠　窗　座位　！　潮嬤　的　這　一　天　逼哭　網友,o
【有片】機捷滿月恢復原價　民眾嫌貴將少搭,【　有片　】　機捷　滿月　恢復　原價　民眾　嫌　貴　將　少　搭,e
機場捷運營運滿月　今天起正常收費,機場捷運　營運　滿月　今天　起　正常　收費,e
【漲價片】高鐵基本費率調高核定了　北高來回恐漲160元,【　漲價片　】　高鐵　基本　費率　調高　核定　了　北高　來回　恐漲　160　元,e
高鐵票價恐漲逾5%　交通部表態反對,高鐵　票價　恐　漲　逾　5%　交通部　表態　反對,e
要跟緊喔！帶亡夫遺照搭高鐵　過程好催淚,要　跟緊　喔　！　帶　亡夫　遺照　搭　高鐵　過程　好　催淚,o
【將心比心】高鐵美女列車長真情告白　全車廂乘客一秒閉嘴,【　將　心　比　心　】　高鐵　美女　列車長　真情　告白　全　車廂　乘客　一　秒　閉嘴,o
高鐵疑有人闖入鐵軌　6班次誤點,高鐵　疑　有　人　闖入　鐵軌　6　班次　誤點,t
【更新】Youbike轉搭公車、捷運　北市擬推前30分鐘轉乘免費,【　更新　】　Youbike　轉搭　公車　、　捷運　北市　擬　推　前30分鐘　轉乘　免費,e
高鐵雲林累積下陷量92公分趨勢減緩,高鐵　雲林　累積　下陷量　92　公分　趨勢　減緩,o
捷運超音波探傷車曝光鋼軌全面性健檢,捷運　超音波　探傷車　曝光　鋼軌　全面性　健檢,s
超音波探傷車進駐　全面檢修機捷軌道,超音波　探傷車　進駐　全面　檢修　機捷　軌道,s
【有片】分析前瞻計畫執行問題　柯Ｐ：捷運是迷思,【　有片　】　分析　前瞻計畫　執行　問題　柯　Ｐ　：　捷運　是　迷思,o
搶機捷商機　金色三麥首推開幕啤酒喝到飽,搶　機捷　商機　金色　三麥　首推　開幕　啤酒　喝到　飽,e
機場捷運墊片仍有損壞　4月底試裝新材質基鈑墊片,機場捷運　墊片　仍　有　損壞　4月　底　試裝　新　材質　基　鈑　墊片,s
在高鐵上班好嗎？　他不推的4大理由「好慘！」,在　高鐵　上班　好　嗎　？　他　不　推　的　4　大　理由　「　好　慘　！　」,o
高鐵離峰9.6折優惠　後天起縮水,高鐵　離峰　9.6　折　優惠　後天　起　縮水,e
等捷運發現粉紅丁字褲　網友羞：該撿起來嗎,等　捷運　發現　粉紅　丁字褲　網友　羞　：　該　撿起來　嗎,o
北捷供電站異常　忠孝新生到南港站一度停擺,北捷　供　電站　異常　忠孝　新生　到　南港　站　一　度　停擺,t
司機員只需關門及處理異常？捷運駕駛工會發怒了,司機員　只　需　關門　及　處理　異常　？　捷運　駕駛　工會　發怒　了,o
月租3萬的捷運聯開宅還當社會住宅？柯Ｐ：頭腦壞掉,月租　3萬　的　捷運　聯開宅　還　當　社會住宅　？　柯　Ｐ　：　頭腦　壞掉,o
台鐵田中連高鐵彰化3公里新支線6年後通,台鐵　田中　連　高鐵　彰化　3　公里　新　支線　6　年　後　通,t
別再說彰化不需要捷運　一個理由讓大家閉嘴,別　再　說　彰化　不　需要　捷運　一　個　理由　讓　大家　閉嘴,o
雙鐵推親子車廂高鐵搭配親子遊,雙鐵推　親子　車廂　高鐵　搭配　親子　遊,e
高鐵第4季前推個人會員積點折票價,高鐵　第4　季　前　推　個　人　會員　積點折　票價,e
端午連假高鐵加班車29日開放訂票,端午　連假　高鐵　加班車　29日　開放　訂　票,e
高鐵端午節搶票早鳥優惠專案看這裏,高鐵　端午節　搶　票　早　鳥　優惠　專案　看　這裏,e
高鐵票價可漲逾5%　高鐵董座：6月送董事會討論,高鐵　票價　可　漲　逾　5%　高鐵　董座　：　6月　送　董事會　討論,e
高鐵平均每班車僅誤點8.7秒　領先全球靠的是...,高鐵　平均　每　班車　僅　誤點　8.7　秒　領先　全球　靠　的　是　...,t
端午連假高鐵車票　午夜12點後開搶,端午　連假　高鐵　車票　午夜　12　點　後　開　搶,e
行銷機捷　贈APCE運輸會議國際人士1日券,行銷　機捷　贈　APCE　運輸　會議　國際　人士　1日券,e
高鐵維修人員想考駕駛　傳出被主管恐嚇,高鐵　維修　人員　想　考　駕駛　傳出　被　主管　恐嚇,o
噁心慎入男子在捷運車廂上狂吐嚇壞眾人,噁心　慎入　男子　在　捷運　車廂　上　狂吐　嚇壞　眾人,o
萬安演習5/11台南左營高鐵接駁停30分,萬安　演習　5　/　11　台南　左營　高鐵　接駁　停　30　分,t
母親節晚上北返高鐵增全車自由座列車,母親節　晚上　北　返　高鐵　增　全　車　自由座　列車,t
母親節假期疏運高鐵加開北返列車,母親節　假期　疏運　高鐵　加開　北　返　列車,t
每人每天花多少時間搭捷運？　答案在這裡,每　人　每　天　花　多少　時間　搭　捷運　？　答案　在　這裡,o
端午連假高鐵加開6列次疏運,端午　連假　高鐵　加開　6　列次　疏運,t
高鐵暑假大專生返鄉5折優惠24日開訂,高鐵　暑假　大專生　返鄉　5　折　優惠　24日　開訂,e
高鐵持續獲利105年稅後賺41.5億,高鐵　持續　獲利　105　年　稅後　賺　41.5　億,o
高鐵北捷觀巴合作6/1推交通聯票,高鐵　北捷觀巴　合作　6　/　1　推　交通　聯票,e
加強端午疏運高鐵再加開2班自由座,加強　端午　疏運　高鐵　再　加開　2　班　自由座,t
高鐵7/1起週增7班暑期學生最多5折優惠,高鐵　7　/　1　起　週增　7　班　暑期　學生　最多　5　折　優惠,e
高鐵暑期親子列車首推魔幻劇場,高鐵　暑期　親子　列車　首推　魔幻　劇場,e
桃機禮品店漏水桃捷：工程介面問題,桃機　禮品店　漏水　桃捷　：　工程　介面　問題,s
高鐵證實董事長執行長薪資調整,高鐵　證實　董事長　執行長　薪資　調整,o
歧視更生人高鐵允檢視合約並檢討,歧視　更生人　高鐵　允　檢視　合約　並　檢討,o
遭批歧視更生人高鐵：無違法將檢討,遭　批　歧視　更生人　高鐵　：　無　違法　將　檢討,o
高鐵董事會今決議　暫不調整票價,高鐵　董事會　今　決議　暫不　調整　票價,e
高鐵營隊又來了12日起報名,高鐵　營隊　又　來　了　12　日　起　報名,e
賀陳旦：高鐵雲林站週末假日可望增班,賀陳旦　：　高鐵　雲林站　週末　假日　可望　增班,t
高鐵商務車廂折扣縮水8/1起8折變9折,高鐵　商務　車廂　折扣　縮水　8　/　1　起　8　折　變　9　折,e
夏季輕旅行搭桃捷買2張享8折,夏季　輕　旅行　搭　桃捷　買　2　張　享　8　折,e
誠品接手北捷中山書街明營運　北市副市長：氣味不一樣了,誠品　接手　北捷　中山　書街明　營運　北市　副市長　：　氣味　不　一樣　了,o
南科塞爆了　南市府開新路直通高鐵站,南科塞爆　了　南　市府　開新路　直通　高鐵　站,t
高鐵便當美食展打7折還可抽免費車券,高鐵　便當　美食展　打　7　折　還　可　抽　免費　車券,e
土地是否在高鐵限建範圍8/20起上網查,土地　是否　在　高鐵　限建　範圍　8　/　20　起　上網　查,o
尼莎颱風來襲機捷晚間8時起減班,尼莎　颱風　來襲　機捷　晚間　8時　起　減班,t
高捷：啟動壓力訓練輕軌駕駛不再被反鎖,高捷　：　啟動　壓力　訓練　輕　軌　駕駛　不再　被　反鎖,o
高鐵大專返校5折優惠列車12日開訂,高鐵　大專　返校　5　折　優惠　列車　12日　開訂,e
不怕手機沒電桃捷直達車提供無線充電[影],不　怕　手機　沒　電　桃捷　直達車　提供　無線　充電　[　影　],s
高鐵免費上網開通各站及新竹以北路段,高鐵　免費　上網　開通　各　站　及　新竹　以北　路段,s
高鐵商品迴力車賣最好一年逾萬組,高鐵　商品　迴力車　賣　最好　一　年　逾　萬　組,o
高捷服務升級規畫年底前提供穩定Wi-Fi,高捷　服務　升級　規畫　年底　前　提供　穩定　Wi-Fi,s
賀陳旦：許多國家建設捷運是為老年化,賀陳旦　：　許多　國家　建設　捷運　是　為　老年　化,o
高鐵左營站道岔異常延誤列車已恢復營運,高鐵　左營　站道岔　異常　延誤　列車　已　恢復　營運,t
高鐵左營站道岔異常6班車延誤,高鐵　左營　站道岔　異常　6　班車　延誤,t
安娜貝爾搭高鐵宣傳高鐵公司要求道歉,安娜　貝爾　搭　高鐵　宣傳　高鐵　公司　要求　道歉,o
高鐵北上提早機捷提供整點班車,高鐵　北上　提早　機捷　提供　整　點　班車,t
高鐵秋節暨國慶疏運車票6日開賣,高鐵　秋節　暨　國慶　疏運　車票　6　日　開賣,e
桃捷優惠發行回數票買十送二,桃捷　優惠　發行　回　數　票　買　十　送　二,e
她用6分鐘趕搭高鐵　沒趕上車怨高鐵只送鑰匙圈（動畫）,她　用　6分鐘　趕搭　高鐵　沒　趕上　車怨　高鐵　只　送　鑰匙圈　（　動畫　）,o
泰利颱風影響小　高鐵今全天正常行駛,泰利　颱風　影響　小　高鐵　今　全　天　正常　行駛,t
疑遭打壓桃捷工會申請不當勞動行為裁決,疑　遭　打壓　桃捷　工會　申請　不當　勞動　行為　裁決,o
高鐵台南產專區首件民間招商無人投標,高鐵　台南　產　專區　首　件　民間　招商　無　人　投標,o
新北捷運進度淡海輕軌明年底通車,新　北　捷運　進度　淡海　輕　軌　明年　底　通車,t
疏解人潮高鐵增2班各站停全車自由座,疏解　人潮　高鐵　增　2　班　各　站　停　全　車　自由座,t
疏解連假人潮高鐵開加班車,疏解　連假　人潮　高鐵　開　加班車,t
疏解北返人潮高鐵增兩班全車自由座,疏解　北　返　人潮　高鐵　增　兩　班　全　車　自由座,t
【有片】機捷無線電傳輸遇死角　訊號微弱害誤點,【　有片　】　機捷　無線電　傳輸　遇　死角　訊號　微弱　害　誤點,s
81億基隆建輕軌9成台鐵路線　基市長：輕軌其實就是捷運,81億　基隆　建　輕　軌　9成　台鐵　路線　基　市長　：　輕　軌　其實　就　是　捷運,o
北捷清潔外包商欠薪　北捷：將對清潔公司罰款,北捷　清潔　外包商　欠薪　北捷　：　將　對　清潔　公司　罰款,o
營造機場捷運地景復育秀英花四月雪,營造　機場捷運　地景　復育　秀英花　四月　雪,s
交長要高鐵「認養」台鐵集集線　高鐵推出雙鐵遊,交長　要　高鐵　「　認養　」　台鐵　集集線　高鐵　推出　雙鐵　遊,e
罷工暫緩　台鐵工會：耐心已盡若跳票將中斷接駁高鐵,罷工　暫緩　台鐵　工會　：　耐心　已　盡　若　跳票　將　中斷　接駁　高鐵,o
砸千億！高捷新增黃線　紅線延伸到路竹,砸　千億　！　高捷　新增　黃線紅線　延伸到　路竹,t
【驚嚇片】捷運地下街裝置藝術嚇人　民眾驚：在辦告別式?,【　驚嚇片　】　捷運　地下街　裝置　藝術　嚇人　民眾　驚　：　在　辦　告別式　?,s
他爭取松機遷宜蘭　捷運、高鐵也拉過去,他　爭取　松機遷　宜蘭　捷運　、　高鐵　也　拉　過去,o
五月天開唱！北捷大安森林公園站爆增3萬人次,五月　天開唱　！　北捷　大安　森林　公園站　爆增　3萬　人次,e
高鐵勞動節連假增52班4/1開訂,高鐵　勞動節　連假　增　52　班　4　/　1　開　訂,t
體貼機捷旅客台鐵便當本舖5號店31日開張,體貼　機捷　旅客　台鐵　便當　本舖　5　號　店　31　日　開張,s
勞動節3天連假　高鐵加開52班次加強疏運,勞動節　3　天　連假　高鐵　加開　52　班次　加強　疏運,t
免費接駁專車雲林高鐵至沿海方便行,免費　接駁　專車　雲林　高鐵　至　沿海　方便　行,s
衝浪板上火車及捷運　玩家發起一人一信,衝浪板　上　火車　及　捷運　玩家　發起　一　人　一信,o
【掰掰惹】北捷108站快取寶服務即起喊停　履保金被沒收,【　掰掰惹　】　北捷　108　站　快取　寶　服務　即　起　喊　停履保金　被　沒收,s
今天起　一卡通聯名卡可嗶進高鐵站,今天　起　一　卡通　聯名　卡　可　嗶　進　高鐵　站,s
道岔訊號異常28分搶修完　高鐵恢復準點,道岔　訊號　異常　28　分　搶　修完　高鐵　恢復　準點,t
北捷加機捷一次搭完要多久？　這位同學告訴你,北捷　加　機捷　一　次　搭完　要　多　久　？　這　位　同學　告訴　你,t
選擇更多元高鐵便當換新口味登場,選擇　更　多元　高鐵　便當　換新　口味　登場,s
與台鐵便當正面對決　高鐵推香滷肉排木盒便當,與　台鐵　便當　正面　對決　高鐵　推香　滷肉　排　木盒　便當,s
【Magic】高鐵網路訂票　填完資料票卻不見！,【　Magic　】　高鐵　網路　訂　票　填完　資料票　卻　不　見　！,e
複製北捷經驗？　雪隧推「慢車走右側、快車走左邊」,複製　北捷　經驗　？　雪隧推　「　慢車　走　右側　、　快車　走　左邊　」,o
配合萬安演習　高鐵後天有5站接駁公車暫停行駛,配合　萬安　演習　高鐵　後天　有　5　站　接駁　公車　暫停　行駛,t
【網路溫度計】有捷運、夜市還不夠 生活機能排行第三名大學 連知名美式賣場都開在它旁邊,【　網路　溫度計　】　有　捷運　、　夜市　還　不　夠　生活機能　排行　第三　名　大學　連　知名　美式　賣場　都　開　在　它　旁邊,o
桃園高鐵站昨人多如屍速列車　高鐵：已全力疏運,桃園　高鐵　站昨　人　多　如　屍速　列車　高鐵　：　已　全力　疏運,s
高捷攜手京王電鐵行銷一卡通也有好康,高捷　攜手　京王　電鐵　行銷　一　卡通　也　有　好康,e
高鐵雲林段地層下陷達92公分　高鐵局：有減緩,高鐵　雲林　段　地層　下陷　達　92　公分　高鐵局　：　有　減緩,o
開車到台南高鐵站送客　本月有指定下客地,開車　到　台南　高鐵　站　送客　本　月　有　指　定下　客地,o
彰化為何需要捷運？　在地人這樣說,彰化　為何　需要　捷運　？　在地人　這樣　說,o
【環境資訊】前瞻軌道建設 曾銘宗預言：捷運蓋好即地方財政崩潰時刻,【　環境　資訊　】　前瞻　軌道　建設　曾　銘宗　預言　：　捷運　蓋好　即　地方　財政　崩潰　時刻,o
柯Ｐ：捷運常虧到不省人事　雙北要討論中環段虧損問題,柯　Ｐ　：　捷運　常　虧　到　不省人事　雙北　要　討論　中環　段　虧損　問題,o
機場捷運高架段14層樓高逃生不易　立委：防恐最大弱點,機場捷運　高架　段　14　層　樓　高　逃生　不易　立委　：　防　恐　最　大　弱點,o
再嗆侯友宜　柯Ｐ：要嘲笑新北乾脆說捷運開工太多次,再　嗆侯友宜柯　Ｐ　：　要　嘲笑　新北　乾脆　說　捷運　開工　太多　次,o
故宮與高鐵合作打開亞洲之門,故宮　與　高鐵　合作　打開　亞洲　之　門,e
史無前例　台日機場、捷運4公司攜手合作,史無前例　台日　機場　、　捷運　4　公司　攜手　合作,e
台鐵將新設支線5分鐘直達高鐵彰化站　工期6年,台鐵　將　新設　支線　5　分鐘　直達　高鐵　彰化站　工期　6　年,t
高鐵轉向架避震器像電鍋蓋原來是空氣彈簧,高鐵　轉向　架　避震器　像　電　鍋蓋　原來　是　空氣　彈簧,s
高鐵車輪維養大公開定期清洗照超音波,高鐵　車輪　維　養大　公開　定期　清洗　照　超音波,o
早鳥出國更方便高鐵加開北上列車,早鳥　出國　更　方便　高鐵　加開　北上　列車,t
高鐵端午連假加開156班次　4/29開賣,高鐵　端午　連假　加開　156　班　次4　/　29　開賣,t
高鐵唯一一組撞壞的轉向架　竟是救了300人的「英雄」,高鐵　唯一　一　組　撞壞　的　轉向架　竟是　救　了　300　人　的　「　英雄　」,o
高鐵桃園站青昇段　徵求投資人,高鐵　桃園站　青昇段　徵求　投資人,o
票卡來自韓國、塗漆則自日本　高鐵推動國產化,票卡　來自　韓國　、　塗漆　則　自　日本　高鐵　推動　國產　化,e
台鐵六家線時刻調整　轉搭新竹高鐵不用狂奔了,台鐵　六家線　時刻　調整　轉搭　新竹　高鐵　不用　狂奔　了,t
纏繞高鐵氣球排除9時38分恢復營運,纏繞　高鐵　氣球　排除　9時　38　分　恢復　營運,t
氣球纏繞高鐵影響20列次上萬旅客,氣球　纏繞　高鐵　影響　20　列次　上萬　旅客,t
北捷東湖站列車斷電18分　已排除故障,北捷　東湖站　列車　斷電　18　分　已　排除　故障,s
下午萬安演習搭高鐵旅客留意影響　信義行政中心周邊也有交管,下午　萬安　演習　搭　高鐵　旅客　留意　影響　信義　行政　中心　周邊　也　有　交管,o
歡慶通車100天！桃捷行銷驚喜不斷！,歡慶　通車　100　天　！　桃捷　行銷　驚喜　不斷　！,e
高鐵雲林站旅客量增議會要縣府爭取增班,高鐵　雲林站　旅客　量　增　議會　要　縣府　爭取　增班,t
虎尾糖鐵五分車串連高鐵台鐵景點,虎尾　糖鐵　五　分　車　串連　高鐵　台鐵　景點,e
長者搭電梯身故高捷：責任認定後理賠,長者　搭　電梯　身故　高捷　：　責任　認定　後　理賠,o
老翁搭電梯摔死高捷：待責任鑑定,老翁　搭　電梯　摔死　高捷　：　待　責任　鑑定,o
搭捷運站到腿滲血塵爆傷者爸爸落淚,搭　捷運　站到　腿　滲　血塵爆　傷者　爸爸　落淚,o
王定宇趕流行po北捷車廂人少照片,王定宇　趕流行　po　北捷　車廂　人　少　照片,o
聯結車撞橋墩桃捷停擺未延誤旅客搭機[影],聯結　車撞　橋墩　桃捷　停擺　未　延誤　旅客　搭機　[　影　],t
台南捷運3年後動工　預計2024年完工,台南　捷運　3　年　後　動工　預計　2024年　完工,o
大眾運輸4G下載速率板南線優高鐵最差,大眾　運輸　4　G　下載　速率　板　南　線　優　高鐵　最　差,s
解答轉乘問題桃捷親善大使駐點桃機,解答　轉乘　問題　桃捷　親善大使　駐點桃機,o
颱風逼近高鐵憂異物飄入電車線籲固定,颱風　逼近　高鐵　憂　異物　飄入　電車　線籲　固定,o
高鐵上演活春宮　赤裸男女台中站被請下車,高鐵　上　演活　春宮　赤裸　男女　台中站　被　請　下車,o
颱風尼莎襲台台鐵高鐵列車異動,颱風　尼莎襲台　台鐵　高鐵　列車　異動,t
服務到位高捷技術三認證,服務　到位　高捷　技術　三　認證,o
高鐵首辦商機說明會推軌道工業本土化,高鐵　首辦　商機　說明會　推　軌道　工業　本土化,o
天文館天文市集趴趴GO　今晚捷運劍南路站登場,天文館　天文　市集　趴　趴　GO　今晚　捷運　劍南路站　登場,e
彰基進駐高鐵特定區魏明谷踏勘規劃,彰基　進駐　高鐵　特定區　魏明谷　踏勘　規劃,o
高鐵左營站發車時刻調整方便旅客轉乘,高鐵　左營站　發車　時刻　調整　方便　旅客　轉乘,t
歡慶機捷通車半年裝置藝術機場迎客,歡慶　機捷　通車　半年　裝置　藝術　機場　迎客,s
高鐵秋節暨國慶疏運加開194班6日開訂,高鐵　秋節　暨　國慶　疏運　加開　194　班　6日　開訂,t
桃捷107年初招募新血釋136個職缺,桃捷　107　年初　招募　新血　釋　136　個　職缺,o
離譜！　貓咪沒顧好掉落高鐵軌道　高鐵斷電救貓,離譜　！　貓咪　沒　顧好　掉落　高鐵　軌道　高鐵　斷電　救貓,s
國慶連假湧現人潮　高鐵：昨旅運人次創10年來新高,國慶　連假　湧現　人潮　高鐵　：　昨　旅運　人次　創　10　年　來　新高,t
高鐵超值假期住宿加來回票比單購票便宜,高鐵　超值　假期　住宿　加　來回票　比　單　購票　便宜,e
高捷美麗島站美媒讚設計令人驚豔,高捷　美麗島　站美媒讚　設計　令　人　驚豔,s
新電子票證加入使用機捷搭乘更方便,新　電子票證　加入　使用　機捷　搭乘　更　方便,e
會員經濟新時代高鐵集點折票價,會員　經濟　新　時代　高鐵　集點折　票價,e
高鐵車票兌換券福袋市價逾3千只賣一千,高鐵　車票　兌換　券福袋　市價　逾　3千　只　賣　一千,e
輕軌收費高捷提醒上車就要刷卡,輕　軌　收費　高捷　提醒　上車　就　要　刷卡,e
【獨家】300萬人瘋跨年倒數　讓研究團隊發現北捷影響地磁場,【　獨家　】　300萬　人　瘋　跨年　倒數　讓　研究團隊　發現　北捷　影響　地　磁場,o
搭高鐵　旅客最怕這4大「生物」出沒,搭　高鐵　旅客　最　怕　這　4　大　「　生物　」　出沒,o
新加坡地鐵隧道積水台北捷運拔刀相助,新加坡　地鐵　隧道　積水　台北　捷運　拔刀相助,o
媒體：星交通部長稱台北捷運可靠度很高,媒體　：　星　交通部長　稱　台北　捷運　可靠度　很　高,o
擬組團隊搶標北車開發案　北捷將出資50億元成最大股東,擬組　團隊　搶　標北車　開發案　北捷　將　出資　50億　元　成　最　大股東,o
周末湧搭車人潮　高鐵今晚加開全車自由座列車,周末湧　搭　車　人潮　高鐵　今晚　加開　全　車　自由座　列車,t
北捷紅樹林站旅客跳軌受傷獲救　列車已恢復營運,北捷　紅樹林站　旅客　跳軌　受傷　獲救　列車　已　恢復　營運,t
疏運北上旅客　台灣高鐵今加開二列車,疏運　北上　旅客　台灣高鐵　今　加開　二　列車,t
北捷淡水信義線列車故障　中午恢復正常發車,北捷　淡水　信義線　列車　故障　中午　恢復　正常　發車,t
北捷列車故障　逾2000名旅客受影響,北捷　列車　故障　逾　2000　名　旅客　受　影響,t
立委友人告狀　高鐵直呼冤枉,立委　友人　告狀　高鐵　直　呼　冤枉,o
立委友人告狀　高鐵直呼冤枉,立委　友人　告狀　高鐵　直　呼　冤枉,o
今上午捷運板南線軌道有火花　列車一度停駛,今　上午　捷運　板南線　軌道　有　火花　列車　一　度　停駛,t
北市國小兒童搭捷運打6折　明年元旦正式上路,北市　國小　兒童　搭　捷運　打　6　折　明年　元旦　正式　上路,e
創國內軌道運輸業先例　高鐵引進行動支付,創　國內　軌道　運輸業　先例　高鐵　引進　行動支付,e
台北捷運準點率超過99%星媒按讚,台北　捷運　準點率　超過　99　%　星　媒　按讚,o
國內首次　高鐵今舉辦地震後橋梁緊急搶修演練,國內　首　次　高鐵　今　舉辦　地震　後　橋梁　緊急　搶修　演練,o
北捷找伙伴擬搶雙子星開發案遭疑黑箱　柯Ｐ：沒指示找誰,北捷　找　伙伴　擬　搶　雙子星　開發案　遭　疑　黑箱　柯　Ｐ　：　沒　指示　找　誰,o
旅運人次成長　高鐵今加開全車自由座列車,旅運　人次　成長　高鐵　今　加開　全　車　自由座　列車,t
捷運音樂節下午登場　免費參加還送機票,捷運　音樂節　下午　登場　免費　參加　還　送　機票,e
又是正義魔人！　捷運讓位再掀討論,又　是　正義　魔　人　！　捷運　讓位　再　掀　討論,o
星媒：優良企業文化是台北捷運成功關鍵,星媒　：　優良　企業　文化　是　台北　捷運　成功　關鍵,o
北返旅客多高鐵下午晚上開加班車,北　返　旅客　多　高鐵　下午　晚上　開　加班車,t
高鐵因應北上旅客需求　今加開兩班次列車,高鐵　因應　北上　旅客　需求　今　加開　兩　班次　列車,t
捷運博愛座好為難　2歲娃拿博愛座貼紙遭阻止,捷運　博愛座　好　為難　2　歲　娃拿　博愛座　貼紙　遭　阻止,o
廣播禁食！他捷運上還一直吃　網友怒「吃相難看」,廣播　禁食　！　他　捷運　上　還　一直　吃　網友　怒　「　吃相　難看　」,o
扯！搭高鐵坐別人位置　大媽竟嗆「有差嗎」,扯　！　搭　高鐵　坐　別人　位置　大媽　竟　嗆　「　有差　嗎　」,o
台北捷運愈賺愈多　員工擬調薪3%,台北　捷運　愈　賺　愈　多　員工　擬　調薪　3　%,o
北捷年終最高4.4個月　招考擠破頭,北捷　年終　最　高　4.4　個　月　招考　擠破　頭,o
阿里山規模5.5地震　高鐵3班次緊急停車,阿里山　規模　5.5　地震　高鐵　3　班次　緊急　停車,t
高鐵疏運週末南下人潮加開站站停班次,高鐵　疏運　週末　南下　人潮　加開　站站　停　班次,t
北捷加薪完又要加薪？　柯Ｐ：先看盈虧再做處理,北捷　加薪　完　又　要　加薪　？　柯　Ｐ　：　先　看　盈虧　再　做　處理,o
愛心悠遊卡持卡長者　明天起比照敬老卡用於捷運、貓纜優惠,愛心　悠遊卡　持　卡　長者　明天　起　比照　敬老卡　用於　捷運　、　貓纜　優惠,e
高鐵當禮車　餐廳外場主管娶回實習生,高鐵　當　禮車　餐廳　外　場　主管　娶回　實習　生,o
愛心筆翻版？　高鐵站大學生疑受騙,愛心　筆　翻版　？　高鐵　站　大學生　疑　受騙,o
假日人潮多高鐵加開3班北上列車,假日　人潮　多　高鐵　加開　3　班　北上　列車,t
疏運周日北上旅客　台灣高鐵今加開3班車,疏運　周日　北上　旅客　台灣高鐵　今　加開　3　班車,t
新加坡地鐵淹水向台北捷運取經,新加坡　地鐵　淹水　向　台北　捷運　取經,o
日本JR九州5服勤員初體驗　台灣高鐵列車逃生梯好重,日本　JR　九州　5　服　勤員　初　體驗　台灣高鐵　列車　逃生梯　好　重,o
高鐵平日離峰9.6折優惠　12/29起限會員才有,高鐵　平日　離峰　9.6　折　優惠　12　/　29　起　限　會員　才　有,e
立委嫌高鐵會員優惠少交長允促提高,立委　嫌　高鐵　會員　優惠　少　交長允促　提高,o
新加坡專家：學習台北捷運企業文化,新加坡　專家　：　學習　台北　捷運　企業　文化,o
原來高鐵竟可包車　價格「不方便告訴你」,原來　高鐵　竟　可　包車　價格　「　不　方便　告訴　你　」,o
高鐵日益穩健要做公有民營企業模範生,高鐵　日益　穩健　要　做　公有　民營　企業　模範生,o
貼心高鐵列車長徐仁彥王丹臉書讚賞,貼心　高鐵　列車長　徐仁彥　王丹　臉書　讚賞,o
遠見五星服務獎高鐵中市府獲獎,遠見　五　星　服務獎　高鐵　中　市府　獲獎,o
元旦連假高鐵車票12月2日開賣,元旦　連假　高鐵　車票　12月　2日　開賣,e
高鐵離峰優惠調整107年228後會員專屬,高鐵　離峰　優惠　調整　107　年　228　後　會員　專屬,e
高鐵平日離峰9.6折優惠　延長至明年2月底,高鐵　平日　離峰　9.6　折　優惠　延長至　明年　2月　底,e
疏運北返旅客高鐵午後加開3班列車,疏運　北　返　旅客　高鐵　午後　加開　3　班　列車,t
因應周日北上旅客需求　高鐵今加開三班次,因應　周日　北上　旅客　需求　高鐵　今　加開　三　班次,t
雅加達亞運避塞車輕軌捷運通車未知數,雅加達　亞運　避　塞車　輕　軌　捷運　通車　未知數,t
高鐵元旦疏運　加開101班次列車,高鐵　元旦　疏運　加開　101　班次　列車,t
【有片】北捷購入陸製潛盾機　陸官媒：打破日企壟斷,【　有片　】　北捷　購入　陸製　潛盾機　陸官　媒　：　打破　日企　壟斷,o
廠商買中國潛盾機蓋捷運　捷運局：未限制進口國家,廠商　買　中國　潛盾機　蓋　捷運　捷運局　：　未　限制　進口　國家,o
高鐵寒假營隊高鐵探索館為一大亮點,高鐵　寒假　營隊　高鐵　探索館　為　一　大　亮點,e
疏解週末南下人潮高鐵開加班車,疏解　週末　南下　人潮　高鐵　開　加班車,t
周末湧搭人潮　高鐵今晚加開全車自由座列車,周末湧　搭　人潮　高鐵　今晚　加開　全　車　自由座　列車,t
天空灰濛濛　高捷公益路跑5千人清早出發,天空　灰濛濛　高捷　公益路　跑　5千　人　清早　出發,e
疏運北返旅客高鐵午後開2加班車,疏運　北　返　旅客　高鐵　午後　開　2　加班車,t
因應北上旅客需求　高鐵今加開兩班次,因應　北上　旅客　需求　高鐵　今　加開　兩　班次,t
北捷司機用潛意識攻擊市民？1999竟立案,北捷　司機　用　潛意識　攻擊　市民　？　1999　竟　立案,o
高鐵大學生寒假返鄉5折優惠加碼28班次,高鐵　大學生　寒假　返鄉　5　折　優惠　加碼　28　班次,e
寒假將至　高鐵加碼28班大學生5折優惠列車,寒假　將　至　高鐵　加碼　28　班　大學生　5　折　優惠　列車,e
桃捷營運10個月　發行瞬遊機捷專書,桃捷　營運　10　個　月　發行　瞬遊機捷　專書,o
3人貼「功德院」貼紙遭罰1500元　北捷：依法行政,3　人　貼　「　功德院　」　貼紙　遭　罰　1500　元　北捷　：　依法　行政,o
高鐵疏運北返旅客午後開2加班車,高鐵　疏運　北　返　旅客　午後　開　2　加班車,t
高鐵主管隔空打卡　台中上班左營打卡將挨罰,高鐵　主管　隔空　打卡　台中　上班　左營　打卡　將　挨罰,o
台灣高鐵今加開2班次列車　疏運周日北上人潮,台灣高鐵　今　加開　2　班次　列車　疏運　周日　北上　人潮,t
北捷開放多卡通　近9成民眾仍習慣嗶悠遊卡,北捷　開放　多　卡通　近　9成　民眾　仍　習慣　嗶　悠遊卡,o
疏運元旦旅客高鐵再開5加班車,疏運　元旦　旅客　高鐵　再　開　5　加班車,t
台灣觀巴攜手高鐵加購8折優惠,台灣　觀巴　攜手　高鐵　加購　8　折　優惠,e
台灣觀巴與高鐵推34條行程　享高鐵8折優惠,台灣　觀巴　與　高鐵　推　34　條　行程　享　高鐵　8　折　優惠,e
跨界營運淡海輕軌將加值高捷,跨界　營運　淡海　輕　軌　將　加值　高　捷,o
LINE台灣限定聖誕跨年驚喜　等捷運送LINE Points,LINE　台灣　限定　聖誕　跨年　驚喜　等　捷運　送　LINE　Points,e
中台灣七縣市提空污解方　盼中捷延伸彰投,中　台灣　七　縣市　提　空　污解方　盼　中捷　延伸　彰投,o
北市府借貸竟挪用北捷救命錢　柯P：因為它不用利息,北市府　借貸　竟　挪用　北　捷　救命錢　柯　P　：　因為　它　不　用　利息,o
北捷轉投資搶標雙子星案喊卡　議會初審刪光預算,北捷　轉投資　搶　標　雙子星　案喊卡　議會　初審　刪　光　預算,o
紓解周末人潮　高鐵今晚加開全車自由座加班車,紓解　周末　人潮　高鐵　今晚　加開　全　車　自由　座　加班車,t
【汙染片】機捷A7合宜宅汙水排入南新莊　居民疑喝汙水度日,【　汙染片　】　機捷　A　7　合宜　宅　汙水　排入　南　新莊　居民　疑　喝　汙水　度日,o
母抱童尿在捷運垃圾桶　網友：清潔員該死？,母抱童尿　在　捷運　垃圾桶　網友　：　清潔員　該死　？,o
疏運北上人潮高鐵午後開加班車,疏運　北上　人潮　高鐵　午後　開　加班車,t
【有片】帶告白氣球闖高鐵遭阻　「然後哥」惱羞跳針,【　有片　】　帶　告白　氣球　闖　高鐵　遭　阻　「　然後　哥　」　惱羞　跳針,o
疏運北上人潮　台灣高鐵今加開2班北上列車,疏運　北上　人潮　台灣高鐵　今　加開　2　班　北上　列車,t
帶告白氣球跪高鐵閘口　「然後哥」引議論,帶　告白　氣球　跪　高鐵　閘口　「　然後　哥　」　引　議論,o
北捷發制服惹議　員工譏：準備演歌仔戲嗎？,北捷　發　制服　惹　議員　工譏　：　準備　演　歌仔戲　嗎　？,o
最美風景！高鐵乘客不適　8醫護緊急救援,最　美　風景　！　高鐵　乘客　不適　8　醫護　緊急　救援,o
乘客不適湧入8名醫護緊急救援　高鐵這樣說,乘客　不適　湧入　8　名　醫護　緊急　救援　高鐵　這樣　說,o
高醫院長高鐵救人被讚　謙稱：每位醫護都會做,高醫　院長　高鐵　救　人　被　讚　謙稱　：　每　位　醫護　都　會　做,o
北捷兒童優惠票新北5折北市6折,北捷　兒童　優惠　票新北　5　折　北市　6　折,e
高鐵南延屏東縣府：評估報告技術可行,高鐵　南延　屏東　縣府　：　評估報告　技術　可行,o
高鐵延屏東技術可行財務經濟效益不足,高鐵　延　屏東　技術　可行　財務　經濟　效益　不足,o
高鐵「然後哥」被罵翻　本尊現身喊冤,高鐵　「　然後　哥　」　被　罵　翻本　尊　現身　喊冤,o
新北6到12歲兒童明年搭捷運5折　19萬人受惠,新北　6　到　12　歲　兒童　明年　搭　捷運　5　折　19萬　人　受惠,e
高鐵南延屏東可行性報告出爐　500億元省半小時,高鐵　南延　屏東　可行性　報告　出爐　500億　元　省　半　小時,o
新北推兒童搭捷運5折　柯Ｐ：去年問新北說不參加,新北　推　兒童　搭　捷運　5　折　柯　Ｐ　：　去年　問　新北　說　不　參加,e
高鐵推會員回饋　明年228前搭車贈紅利點數100點,高鐵　推　會員　回饋　明年　228　前　搭　車　贈　紅利　點數　100　點,e
元旦連假將湧返鄉出遊潮　高鐵再加開3加班車,元旦　連假　將　湧　返鄉　出遊　潮　高鐵　再　加開　3　加班車,t
高鐵新竹站樂聲飄揚　古典弦樂快閃登場,高鐵　新竹站　樂聲　飄揚　古典　弦樂　快　閃　登場,e
高捷跨年運量35萬人次 比去年成長2成5,高捷　跨年　運量　35萬　人次　比　去年　成長　2成5,t
北捷跨年總運量  超過264萬人次,北捷　跨年　總　運量　超過　264萬　人次,t
北捷跨年疏運264萬人次 比去年少38.8萬,北捷　跨年　疏運　264萬　人次　比　去年　少　38.8　萬,t
疏運跨年 高捷運量單日35萬,疏運　跨年　高　捷運　量　單日　35萬,t
大學生寒假返鄉回校5折 高鐵首開優惠列車,大學生　寒假　返鄉　回　校　5　折　高鐵　首開　優惠　列車,e
高鐵通車10週年  限量紀念品5日開賣,高鐵　通車　10　週年　限量　紀念品　5　日　開賣,e
高鐵10周年辦捐血活動 台北站站長帶頭捐,高鐵　10　周年　辦　捐血　活動　台北站　站長　帶頭　捐,e
高鐵10周年 限量紀念商品明開賣,高鐵　10　周年　限量　紀念　商品　明　開賣,e
南高屏澎交通論壇 高鐵南延屏東受矚目,南高屏　澎　交通　論壇　高鐵　南延　屏東　受　矚目,o
林全「講古」：高鐵BOT經驗值得借鑑,林全　「　講古　」　：　高鐵　BOT　經驗　值得　借　鑑,o
高鐵下個10年 學者：用大數據開發商機,高鐵　下　個　10　年　學者　：　用　大數據　開發　商機,o
高鐵通車10年 鄭運鵬憶差點成高鐵駕駛,高鐵　通車　10　年　鄭運鵬憶　差點　成　高鐵　駕駛,o
4國籍航空機捷預辦登機  外航暫無意願,4　國籍　航空　機捷預　辦　登機　外　航暫無　意願,o
除安全疑慮  高市輕軌攪拌樁將重做,除　安全　疑慮　高市　輕　軌　攪拌　樁　將　重　做,o
機捷算總帳 高鐵局將罰丸紅25億並求償,機捷　算　總帳　高鐵局　將　罰　丸紅　25億　並　求償,o
機捷志工好康 服務30小時送免費搭乘券,機捷　志工　好康　服務　30　小時　送　免費　搭乘券,e
機捷通車紀念品  票卡紅包袋送體驗乘客,機捷　通車　紀念品　票卡　紅包袋　送　體驗　乘客,e
高鐵春節再加開8班  14日凌晨開賣,高鐵　春節　再　加開　8　班　14日　凌晨　開賣,t
高鐵春節加班車 周六凌晨開賣,高鐵　春節　加　班車　周六　凌晨　開賣,t
台北捷運環狀線大事紀,台北　捷運　環狀線　大　事　紀,o
捷運環狀線第一階段工程全線合龍,捷運　環狀線　第一　階段　工程　全線　合龍,s
維護穹頂光彩高捷：含電費年花費百萬元,維護　穹頂　光彩　高捷　：　含　電費年　花費　百萬　元,o
態度放軟？　柯P：請悠遊卡跟高捷協商不懲罰人民,態度　放　軟　？　柯　P　：　請　悠遊卡　跟　高捷　協商　不　懲罰　人民,o
台南捷運工程預定108年開工,台南　捷運　工程　預定　108　年　開工,o
地鐵隧道積水星國聘台北捷運專家檢討,地鐵　隧道　積水星國　聘　台北　捷運　專家　檢討,o
獨居老人圓夢　搭高鐵看布袋戲超興奮,獨居　老人　圓夢　搭　高鐵　看　布袋戲　超　興奮,o
歲末寒冬血庫拉警報　高鐵邀來車站捐「熱血」,歲末　寒冬　血庫　拉　警報　高鐵　邀　來　車站　捐　「　熱血　」,e
北捷月底派員赴星助解決地鐵問題,北捷　月底　派員　赴　星助　解決　地鐵　問題,o
北捷忠孝復興站電扶梯晚間故障　無人受傷,北捷　忠孝　復興　站電　扶梯　晚間　故障　無　人　受傷,s
遭批商務艙空無一人致虧本　高鐵提出4點說明,遭　批　商務艙　空無一人　致　虧本　高鐵　提出　4　點　說明,o
捷運昆陽站列車驚傳揮刀？　捷警隊：誤傳,捷運　昆陽站　列車　驚傳　揮刀　？　捷　警隊　：　誤傳,o
捷運忠孝復興站內空調冒煙　北捷：氣幕機冒火花已滅火,捷運　忠孝　復興　站　內　空調　冒煙　北捷　：　氣　幕機　冒　火花　已　滅火,s
北捷找富邦合作搶標雙子星　柯Ｐ：事前、事後都不知情,北捷　找　富邦　合作　搶　標　雙子星　柯　Ｐ　：　事　前　、　事　後　都　不　知情,o
嘉義地牛翻身高鐵列車一度暫停,嘉義　地　牛　翻身　高鐵　列車　一　度　暫停,t
北捷中山站、忠孝新生站　25日起禁單車搭乘及轉乘,北捷　中山　站　、　忠孝　新生　站　25　日　起　禁　單車　搭乘　及　轉乘,s
北捷這樣也能賺　行政大樓表演廳開放出租,北捷　這樣　也　能　賺　行政　大樓　表演廳　開放　出租,o
台南捷運時代將來臨工程處籌備處揭牌,台南　捷運　時代　將　來臨　工程處　籌備處　揭　牌,o
北捷18個車站開放打流感疫苗　柯Ｐ：給大家方便,北捷　18　個　車站　開放　打　流感　疫苗　柯　Ｐ　：　給　大家　方便,e
照顧桃捷員工　員工餐廳開伙,照顧　桃捷　員工　員工　餐廳　開伙,o
高鐵離峰優惠將限會員立委反對,高鐵　離峰　優惠　將　限　會員　立委　反對,e
行李「溢」到隔壁車廂　高鐵：明年起加大行李區,行李　「　溢　」　到　隔壁　車廂　高鐵　：　明年　起　加大　行李區,t
高鐵將取消平日離峰9.6折引立委不滿　交長：將檢討,高鐵　將　取消　平日　離峰　9.6　折　引　立委　不滿　交長　：　將　檢討,e
高鐵明年元旦疏運加開101班列車　12/2起預購,高鐵　明年　元旦　疏運　加開　101　班　列車　12　/　2　起　預購,t
替代役男捷運環狀線初體驗　期待通車日方便約會,替代　役男　捷運　環狀線　初　體驗　期待　通車　日方　便　約會,o
搭大眾運輸抗空污首日　高捷運量成長1成3,搭　大眾　運輸　抗　空污　首　日高　捷運　量　成長　1成3,t
女神降臨！徐若瑄代言桃捷　形象廣告美呆了,女神　降臨　！　徐若瑄　代言　桃捷　形象　廣告　美呆　了,o
【美片】機捷通車將滿一年　徐若瑄代言形象廣告超吸睛,【　美片　】　機捷　通車　將　滿　一　年　徐若瑄　代言　形象　廣告　超　吸睛,o
直擊高鐵維修　高鐵寒假營隊12/11開放報名,直擊　高鐵　維修　高鐵　寒假　營隊　12　/　11　開放　報名,e
中捷進度超前18列電聯車提前交車,中捷　進度　超前　18　列　電聯車　提前　交　車,o
停車場遭爆無照使用　高鐵竟稱「讓員工測品質」,停車場　遭　爆　無照　使用　高鐵　竟　稱　「　讓　員工　測　品質　」,o
高鐵市集台中站開幕知名糕餅店進駐,高鐵　市集　台中站　開幕　知名　糕餅店　進駐,o
高鐵今加開全車自由座列車　補差價可搭商務艙,高鐵　今　加開　全　車　自由座　列車　補　差價　可　搭　商務艙,t
明晨臺北馬拉松路跑　北捷提早至5:20發車,明晨　臺北　馬拉松　路跑　北捷　提早　至　5　:　20　發車,t
因應年改陳情　北捷部分車站出口今明管制,因應　年改　陳情　北捷　部分　車站　出口　今明　管制,s
高鐵再加開5班次列車疏運元旦旅客　20日開放購票,高鐵　再　加開　5　班次　列車　疏運　元旦　旅客　20日　開放　購票,t
北市雙子星案今招商說明　北捷確定不進場投資,北市　雙子星　案今　招商　說明　北捷　確定　不　進場　投資,o
因應北市府跨年晚會　北捷當天營運42小時不收班,因應　北市府　跨年　晚會　北捷　當天　營運　42　小時　不　收　班,t
捷運兒少票補助不同調立委籲修法,捷運　兒　少　票　補助　不同　調　立委　籲修　法,e
台中鐵路高架107年10月捷運化達標,台中　鐵路　高架　107年　10月　捷運　化達　標,o
北捷關渡站有旅客跳軌　淡信線部分路段單線運行,北捷　關渡站　有　旅客　跳軌淡信線　部分　路段　單線　運行,t
台北跨年晚會實施三階段交管　搭捷運抵會場全攻略,台北　跨年　晚會　實施　三　階段　交管　搭　捷運　抵　會場　全　攻略,o
跨年散場現人潮  北捷乘客讚今年疏運快,跨年　散場　現　人潮　北捷　乘客　讚　今年　疏運　快,t
機捷首支VR影片 滅火器歌聲中賞風光,機捷　首　支　VR　影片　滅火器　歌聲　中　賞　風光,e
爭取高鐵認養集集線 賀陳旦：如大台灣省捷運,爭取　高鐵　認養　集集線　賀陳旦　：　如　大　台灣省　捷運,o
機捷沙包模擬滿載 測試穩定與舒適度,機捷　沙包　模擬　滿載　測試　穩定　與　舒適度,o
通車10周年 台灣高鐵探索館揭牌開幕,通車　10　周年　台灣高鐵　探索　館揭牌　開幕,e
機捷直達車拆28座位 增加行李空間,機捷　直達車　拆　28　座位　增加　行李　空間,t
機捷春節試營運？賀陳旦：不期待協助旅客出國,機捷　春節　試營運　？　賀陳旦　：　不　期待　協助　旅客　出國,o
ㄚ桃園哥─過新年搭機捷  LINE免費貼圖上線,ㄚ　桃園　哥　─　過　新年　搭機　捷　LINE　免費　貼圖　上線,e
鄭文燦：機捷通車  應在春節後,鄭文燦　：　機　捷　通車　應　在　春節　後,t
鄭文燦：元宵節前試營運1個月 免費搭,鄭文燦　：　元宵節　前　試營運　1　個　月　免費　搭,t
苗栗溫泉季為期3個月 接駁車送旅客泡湯慢遊,苗栗　溫泉季　為期　3　個　月　接駁　車　送　旅客　泡湯　慢遊,e
機捷DVR影像  即時影像安全大提升,機捷　DVR　影像　即時　影像　安全　大　提升,s
機捷通車 台北車站成大迷宮？台鐵：將改進,機捷　通車　台北　車站　成　大　迷宮　？　台鐵　：　將　改進,s
高雄捷運去年度首度盈餘7400萬元,高雄　捷運　去年度　首度　盈餘　7400萬　元,o
桃捷徵才逾萬人報考  錄取率僅2%,桃捷　徵才　逾　萬　人　報考　錄取率　僅　2%,o
爭取高鐵到屏東 青年組聯盟號召支持,爭取　高鐵　到　屏東　青年組　聯盟　號召　支持,o
周一晨間列車自由座  高鐵增為7節車廂,周一　晨間　列車　自由座　高鐵　增為　7　節　車廂,t
高鐵3班周一晨間列車加開自由座 運能提升,高鐵　3　班　周一　晨間　列車　加開　自由座　運能　提升,t
二二八連假高鐵加班車  28日凌晨賣,二二八　連假　高鐵　加班車　28日　凌晨　賣,e
高鐵10周年 外籍顧問自發揪團回台灣,高鐵　10　周年　外籍　顧問　自發　揪團　回　台灣,o
機捷通車成真  賀陳旦開懷大笑,機捷　通車　成真　賀陳旦　開懷　大笑,o
高鐵春節疏運啟動  9天1576班,高鐵　春節　疏運　啟動　9　天　1576　班,t
小年夜除夕  高鐵加開4列全車自由座,小年夜　除夕　高鐵　加開　4　列　全　車　自由座,t
高鐵今加開兩班北上全自由座列車,高鐵　今　加開　兩　班　北上　全　自由座　列車,t
高鐵疏運北返旅客  午後加開2班車,高鐵　疏運　北　返　旅客　午後　加開　2　班車,t
機捷試營運  有人新鮮有人不舒服,機捷　試營運　有　人　新鮮　有　人　不　舒服,o
台中文心路路平孔蓋完成下地  首次成功納入寬頻網路,台中文　心路　路平孔　蓋　完成　下　地　首　次　成功　納入　寬頻　網路,o
機捷啟動給幾分 ?鄭文燦：85,機捷　啟動　給　幾　分　?　鄭文燦　：　85,o
機捷試營運Uber暫停 鄭運鵬喻交通奇特日,機捷　試營運　Uber　暫停　鄭運鵬喻　交通　奇特日,o
元宵賞燈 高鐵加開38班列車,元宵　賞燈　高鐵　加開　38　班　列車,t
台灣燈會高鐵加開38班車 9成自由座,台灣　燈會　高鐵　加開　38　班車　9成　自由座,t
機捷今起試營運團體首發 鄭文燦：感受平穩舒適,機捷　今　起　試營運　團體　首發　鄭文燦　：　感受　平穩　舒適,o
華泰名品城6天年假 營收逾3億,華泰　名品城　6　天　年假　營收　逾　3億,o
機捷很搖？ 鄭文燦：多慮了 不會坐雲霄飛車,機捷　很　搖　？　鄭文燦　：　多慮　了　不會　坐　雲霄飛車,o
機場捷運團體試營運  免費試乘,機場捷運　團體　試營運　免費　試　乘,e
桃捷企業識別隱含3T意象  運輸科技信賴,桃捷　企業　識別　隱含　3　T　意象　運輸　科技　信賴,o
2月2日中視午間新聞搶先看,2月　2日　中視　午間　新聞　搶先　看,o
桃捷拒絕民眾自行組團試乘  雙方僵持30分,桃捷　拒絕　民眾　自行　組團　試　乘　雙方　僵持　30　分,o
搭高鐵賞台灣燈會 4日開放購票,搭　高鐵　賞　台灣　燈會　4日　開放　購票,e
2月3日各報頭版要聞,2月　3日　各　報　頭版　要聞,o
台北燈節登場 西門捷運站運量8萬人,台北　燈節　登場　西門　捷運站　運量　8萬　人,t
2月4日中視午間新聞搶先看,2月　4日　中視　午間　新聞　搶先　看,o
台灣燈會將登場  台鐵高鐵都加班,台灣　燈會　將　登場　台鐵　高鐵　都　加班,t
中捷綠線首列電聯車  運抵台中港,中捷綠線　首　列　電聯車　運抵　台中港,o
機捷通車在即 長庚醫院站去年房價漲6.9％稱霸,機捷　通車　在即　長庚　醫院站　去年　房價　漲　6.9％　稱霸,o
無法在家等收貨 智能櫃進駐超商、高捷,無法　在　家　等　收貨　智能櫃　進駐　超商　、　高捷,o
機捷試營運  鼓勵免費刷電子票,機捷　試營運　鼓勵　免費　刷　電子票,e
迎開學 高鐵推大學生返校5折優惠,迎　開學　高鐵　推　大學生　返校　5　折　優惠,e
陳文淵接勤益校長 林陵三盼為中捷舉才,陳文淵　接　勤益　校長　林陵　三　盼　為　中捷　舉才,o
高鐵邀賞蘭展  車票8折優惠套票,高鐵　邀賞蘭展　車票　8　折　優惠　套票,e
高鐵鼓勵旅客「由『港』而發」 免費車票天天抽,高鐵　鼓勵　旅客　「　由　『　港　』　而　發　」　免費　車票　天天　抽,e
高鐵南港站打知名度  送免費乘車兌換券,高鐵　南港　站　打　知名度　送　免費　乘車　兌換券,e
因應燈會、國際馬拉松 高捷延長、提前發車,因應　燈會　、　國際　馬拉松　高捷　延長　、　提前　發車,t
台北燈節遊行展開 北捷西門站增3萬運量,台北　燈節　遊行　展開　北捷　西門　站增　3萬　運量,t
台中捷運首列車廂 遊行亮相,台中　捷運　首　列　車廂　遊行　亮相,o
曾抱怨不必多次動工 柯P今再為萬大線舉行動土,曾　抱怨　不必　多　次　動工　柯　P　今　再　為　萬大　線　舉行　動土,o
台中捷運綠線首列車 今展示遊行亮相,台中　捷運　綠線首　列車　今　展示　遊行　亮相,o
中捷電聯車市區遊行  上千民眾爭相拍照,中捷　電聯車　市區　遊行　上千　民眾　爭相　拍照,o
機捷試營運 每天2萬人次參加,機捷　試營運　每　天　2萬　人次　參加,t
顏值最高桃捷試乘團 亮相,顏值　最　高　桃捷試　乘　團　亮相,o
推動捷運黃線  高市府結合立委出擊,推動　捷運　黃　線　高　市府　結合　立委　出擊,o
搭機捷玩台茂 免費接駁再送200元,搭機　捷玩台茂　免費　接駁　再　送　200　元,e
機捷開放個人試乘 柯P體驗讚品質好,機捷　開放　個　人　試　乘　柯　P　體驗　讚　品質　好,o
台茂機捷A10假日接駁車 好禮1加1,台茂機捷　A　10　假日　接駁　車　好禮　1　加　1,e
預辦登機系統明啟用 桃機將評估擴大服務可行性,預　辦　登機　系統　明　啟用　桃機　將　評估　擴大　服務　可行性,s
柯P視察行旅廣場 要西區門戶計畫趕在世大運前完成,柯　P　視察　行旅　廣場　要　西區　門戶　計畫　趕　在　世大運　前　完成,o
騎士擦撞輕軌致掉漆  高捷不排除求償,騎士　擦撞　輕　軌致掉漆　高捷　不　排除　求償,o
機捷預辦登機 海關進駐台北站,機捷預　辦　登機　海關　進駐　台北　站,o
慶祝桃捷個人自由試乘 桃機各廠商祭優惠,慶祝　桃捷　個　人　自由　試　乘　桃機　各　廠商　祭　優惠,e
高捷跨足經營電信事業 NCC准了,高捷　跨足　經營　電信　事業　NCC　准　了,o
機捷開放個人試乘 台茂18日免費接駁再送商品券,機捷　開放　個　人　試　乘　台茂　18　日　免費　接駁　再　送　商品券,e
機捷今開放自由試乘 民眾大讚平穩,機捷今　開放　自由　試　乘　民眾　大讚　平穩,o
機捷通車 北市消保官嚴查台北地下街商家,機捷　通車　北市　消保官嚴查　台北　地下街　商家,o
桃園高鐵站國際客試搭 讚機捷便利,桃園　高鐵　站　國際　客試搭　讚機捷　便利,o
機捷自由試乘首日 一航廈站閘門被撞壞,機捷　自由　試　乘　首日　一　航廈　站　閘門　被　撞壞,o
外國使節團試乘機捷 鄭文燦：積極與世界交流,外國　使節團　試　乘機　捷　鄭文燦　：　積極　與　世界　交流,o
228假期高鐵疏運 加開6班車,228　假期　高鐵　疏運　加開　6　班車,t
台灣高鐵經驗海外輸出 首次競標失利,台灣高鐵　經驗　海外　輸出　首　次　競標　失利,o
機捷通車 21世紀不動產：桃園市房價最快5年有機會追上新北,機捷　通車　21世紀　不動產　：　桃園市　房價　最　快　5　年　有　機會　追上　新北,o
美化新店安坑輕軌捷運圍籬 學子各展創意,美化　新店　安坑　輕　軌　捷運　圍籬　學子　各　展　創意,o
機捷裂軌換好 委原廠及第三單位調查,機捷裂軌　換好　委　原廠　及第　三　單位　調查,o
二二八連假 高鐵加開自由座列車,二二八　連假　高鐵　加開　自由座　列車,t
迎228連假 高鐵今明增開兩加班車,迎　228　連假　高鐵　今明　增開　兩　加班車,t
淡海輕軌被柯文哲酸 新北捷運局反駁,淡海　輕　軌　被　柯　文哲　酸　新　北　捷運局　反駁,o
清理空調設備 北捷研發「伸縮自如手臂」,清理　空調　設備　北捷　研發　「　伸縮　自如　手臂　」,o
二二八連假  出國試乘機捷省時間,二二八　連假　出國　試　乘機　捷　省　時間,o
桃捷「通勤135」團體優惠 比季票更便宜,桃捷　「　通勤　135　」　團體　優惠　比　季　票　更　便宜,e
視察機捷  鄭文燦：試營運展現交通效益,視察　機捷　鄭文燦　：　試營運　展現　交通　效益,o
連假收假  高鐵下午晚間加開列車,連假　收假　高鐵　下午　晚間　加開　列車,t
民眾熱情捧場  賀陳旦：機捷最佳分數,民眾　熱情　捧場　賀陳旦　：　機　捷　最佳　分數,o
機捷試營運打幾分？賀陳旦：民眾捧場是最好評分,機捷　試營運　打　幾　分　？　賀陳旦　：　民眾　捧場　是　最好　評分,o
機捷通車  交長：運量絕非靠運價打折,機捷　通車　交長　：　運量　絕非　靠　運價　打折,o
機捷通車  首月票價5折,機捷　通車　首　月　票價　5　折,e
機捷營運  首月5折另有優惠專案,機捷　營運　首　月　5　折　另　有　優惠　專案,e
機捷開通 首班旅客：出國更方便了,機捷　開通　首　班　旅客　：　出國　更　方便　了,o
機場捷運正式通車 首月票價5折,機場捷運　正式　通車　首　月　票價　5　折,e
機捷正式通車首日 鄭文燦要大家乖乖搭車,機捷　正式　通車　首日　鄭文燦　要　大家　乖乖　搭　車,o
高捷賺了  衝運量兼擴大勞務,高捷　賺　了　衝　運量　兼　擴大　勞務,o
機捷A1台北站轉乘  吉祥物VR影片來帶路,機捷　A　1　台北　站　轉乘　吉祥物　VR　影片　來　帶路,e
催淚 視障女高鐵站為阿母獻唱「感謝你的愛」,催　淚　視障女　高鐵　站　為　阿母　獻唱　「　感謝　你　的　愛　」,e
北捷雞年紀念車票  21日開賣,北捷　雞年　紀念　車票　21　日　開賣,e
機捷可望元宵通車？ 桃捷：尚未取得營運許可,機捷　可望　元宵　通車　？　桃捷　：　尚未　取得　營運　許可,o
機捷履勘改善完成  交部將發營運許可,機捷履勘　改善　完成　交　部將　發　營運　許可,s
三鐵共站動線不友善  議員促左營站改善,三鐵　共　站　動線　不　友善　議員　促　左營　站　改善,s
高鐵228連假加班車 周六開放訂票,高鐵　228　連假　加班　車　周六　開放　訂　票,e
機場捷運營運許可及通車時間  25日公布,機場捷運　營運　許可　及　通車　時間　25日　公布,s
張花冠宣布 25日起至元宵節兩條電動公車路線免費搭,張　花冠　宣布　25　日　起　至　元宵節　兩　條　電動　公車　路線　免費　搭,t
機場捷運何時通？鄭文燦：今年3月初,機場捷運　何時　通　？　鄭文燦　：　今年　3月　初,o
機捷試乘遇地震  減速慢行3秒,機捷試　乘　遇　地震　減速　慢　行　3　秒,t
機捷免費試乘團體限6站 自由行全線進出,機捷　免費　試　乘　團體　限　6　站　自由行　全線　進出,e
女警「聞雞起舞」 高鐵左營站示範防身舞,女警　「　聞雞起舞　」　高鐵　左營　站　示範　防身　舞,o
高鐵親友團試乘機捷：上下坡平穩,高鐵　親友　團試　乘機　捷　：　上　下坡　平穩,o
機捷試乘  前半月團體後半月個人,機捷試　乘　前　半　月　團體　後　半　月　個　人,o
搜集試營運數據 機捷：請民眾多用卡,搜集　試營運　數據　機捷　：　請　民眾　多　用　卡,o
機捷試營運  首班車乘客樂歡天,機捷　試營運　首　班車　乘客　樂歡　天,o
打造城際接駁  喜迎台灣燈會,打造　城　際　接駁　喜迎　台灣　燈會,e
機捷隔音牆反釀巨大噪音 高鐵局：2個月內完成評估,機捷　隔音　牆反釀　巨大　噪音　高鐵局　：　2　個　月　內　完成　評估,s
機捷略搖晃  桃捷：科學數據逐步調整,機捷略　搖晃　桃捷　：　科學　數據　逐步　調整,o
高鐵贈票助病童 寒假親子遊台中,高鐵　贈　票助　病童　寒假　親子　遊　台中,e
熟年優惠擴及60到65歲？高鐵澄清：謠傳！,熟年　優惠　擴及　60　到　65　歲　？　高鐵　澄清　：　謠傳　！,o
桃捷：歡迎民團、沿線里民組團報名試乘,桃捷　：　歡迎　民團　、　沿線　里民　組團　報名　試　乘,o
桃捷：通車後不宣導手扶梯靠右站,桃捷　：　通車　後　不　宣導　手　扶梯　靠　右　站,s
台中捷運首輛電聯車抵台中港 12日遊街睹風采,台中　捷運　首　輛　電聯車　抵　台中港　12　日　遊街　睹　風采,o
小小鐵道迷搭機捷  關懷協會嘗鮮,小小　鐵道　迷　搭機　捷　關懷　協會　嘗鮮,o
白化症鐵道迷試乘機捷 桃捷研擬放大字體,白化症　鐵道　迷　試　乘機　捷　桃捷　研擬　放大　字體,o
中捷G14有站無路？林佳龍：繞一下還是找的到路,中捷　G　14　有　站　無　路　？　林　佳龍　：　繞　一下　還是　找　的　到　路,o
機捷免費試乘 台茂18日推假日接駁車,機捷　免費　試　乘　台茂　18日　推　假日　接駁　車,e
搶攻機場捷運商機 百貨業推新企劃,搶攻　機場捷運　商機　百貨業　推　新企　劃,o
桃捷無障礙設施 身障團體：還有改善空間,桃捷　無　障礙　設施　身障　團體　：　還　有　改善　空間,s
高鐵車廂字幕 竟出現「誰家老婆上錯床」,高鐵　車廂　字幕　竟　出現　「　誰　家　老婆　上錯　床　」,o
燈會熱潮  高鐵雲林站單日破3.3萬人,燈會　熱潮　高鐵　雲林站　單日　破　3.3　萬　人,t
機場捷運16日起  開放自由試乘,機場捷運　16　日　起　開放　自由　試　乘,e
預掛行李好輕鬆 桃機市區預辦登機服務啟用,預掛　行李　好　輕鬆　桃機　市區　預　辦　登機　服務　啟用,s
機捷16日全線自由試乘 每日限量2萬人,機捷　16　日　全線　自由　試　乘　每　日　限量　2萬　人,e
高捷要鋪纜  提升隧道通訊頻寬,高捷　要　鋪纜　提升　隧道　通訊　頻寬,s
機場捷運16日開放自由試乘 每天限量約2萬人,機場捷運　16日　開放　自由　試　乘　每　天　限量　約　2萬　人,e
機捷自由試乘 台北站每時段1200張,機捷　自由　試　乘　台北站　每　時段　1200　張,e
機捷開放民眾自由試乘  發放2萬號碼牌,機捷　開放　民眾　自由　試　乘　發放　2萬　號碼牌,e
機捷自由試乘  民眾開心排隊嘗鮮,機捷　自由　試　乘　民眾　開心　排隊　嘗鮮,e
市區預辦登機  不搭機捷也可免費用,市區　預　辦　登機　不　搭機　捷　也　可　免費　用,o
機捷預辦登機快速   託運行李1件2分鐘,機捷預　辦　登機　快速　託運　行李　1　件　2　分鐘,o
高鐵二二八假期增6班尖峰加班車 18日開訂,高鐵　二二八　假期　增　6　班　尖峰　加班車　18日　開訂,t
機捷試乘 預辦登機託運行李一次搞懂,機捷試　乘　預辦　登機　託運　行李　一　次　搞懂,o
機捷A8票發完 阿基師來送餐卷,機捷　A　8　票　發完　阿基師　來　送　餐卷,e
機捷今開放自由試乘 民眾早起搶頭香,機捷今　開放　自由　試　乘　民眾　早起　搶　頭香,o
機捷A9A緊急避難車站鋼軌斷裂 桃捷：不影響安全,機捷　A9A　緊急　避難　車站　鋼軌　斷裂　桃捷　：　不　影響　安全,s
桃捷檢修發現鋼軌裂縫  暫採魚尾板夾固定,桃捷　檢修　發現　鋼軌　裂縫　暫　採　魚尾板　夾　固定,s
機捷鋼軌發現裂縫 高鐵局：安全無虞,機捷　鋼軌　發現　裂縫　高鐵局　：　安全　無虞,s
捷運環狀線施工 中和、板橋交維,捷運　環狀線　施工　中和　、　板橋　交　維,s
搶機捷美食商機 京站吃壽司送9折券,搶　機捷　美食　商機　京站　吃　壽司　送　9　折　券,e
捷運綠線G01站  延伸到中壢火車站,捷運　綠線　G　01　站　延伸到　中壢　火車站,s
高鐵苗栗站送車票 一圓教養院生出遊夢想,高鐵　苗栗站　送　車票　一　圓　教養院　生　出遊　夢想,e
台北捷運局30而立 推動大學開設捷運課程,台北　捷運局　30　而　立　推動　大學　開設　捷運　課程,o
周五綠運輸日贈點 柯P：用更大力量吸引,周五綠　運輸日　贈　點柯　P　：　用　更　大力　量　吸引,e
機捷大道設計案  3月底招標,機捷　大道　設計案　3月　底　招標,o
機捷A8站漏水 桃捷要求高鐵局進行全面檢查,機捷　A　8　站　漏水　桃捷　要求　高鐵局　進行　全面　檢查,s
機捷長庚站漏水  桃捷：委請高鐵局處置,機捷　長庚　站　漏水　桃捷　：　委請　高鐵局　處置,s
北捷列車傳巨響冒煙 疏散600名乘客,北捷　列車　傳　巨響　冒煙　疏散　600　名　乘客,s
機捷團購3百張打5折 通勤族必看,機捷　團購　3百　張　打　5　折　通勤族　必　看,e
機捷車站漏水  排水堵塞溢流所致,機捷　車站　漏水　排水　堵塞　溢流　所　致,s
因應228連假試乘人潮 機捷明起延長至晚間9時,因應　228　連假　試　乘　人潮　機捷　明　起　延長至　晚間　9時,t
桃捷27日至3/1 延長試乘到晚上9時,桃捷　27　日　至　3　/　1　延長　試　乘　到　晚上　9時,t
機捷疏於保養導致漏水 高鐵局：依約請廠商盡快修復,機捷　疏於　保養　導致　漏水　高鐵局　：　依約　請　廠商　盡快　修復,s
機捷車廂進出溫差達10度  旅客不適,機捷　車廂　進出　溫差　達　10　度　旅客　不適,o
機捷最後一天免費搭  籲民眾把握,機捷　最後　一　天　免費　搭籲　民眾　把握,e
機捷通車  推桃囍通車紀念套票,機捷　通車　推桃囍　通車　紀念　套票,e
機捷試乘一個月  乘客130萬人次,機捷試　乘　一　個　月　乘客　130萬　人次,t
機捷2日正式通車營運 A1行李處理區首曝光,機捷　2　日　正式　通車　營運　A　1　行李　處理　區首　曝光,o
機捷正式營運 北車轉乘7分鐘搞定,機捷　正式　營運　北　車　轉乘　7分鐘　搞定,o
鄭文燦：機捷試乘 共140萬人次,鄭文燦　：　機　捷試　乘　共　140萬　人次,t
3月2日中視午間新聞搶先看,3月　2日　中視　午間　新聞　搶先　看,o
機捷正式通車  陳建仁：象徵台灣合作才能進步,機捷　正式　通車　陳建仁　：　象徵　台灣　合作　才　能　進步,o
機捷歷經波折  盼了20年終於營運,機捷　歷經　波折　盼　了　20　年　終於　營運,o
機場鐵道誰便宜 入出境效益高,機場　鐵道　誰　便宜　入出境　效益　高,o
機捷通車案外案 柯P說這件事該上檯面討論了,機捷　通車案　外案　柯　P　說　這　件　事　該　上　檯面　討論　了,o
初期一定虧 桃捷：雙子星蓋好可分到10層樓,初期　一定　虧　桃捷　：　雙子星　蓋好　可　分到　10　層　樓,o
桃園機場專屬小確幸 園區內搭捷運免費,桃園機場　專屬　小　確　幸　園區　內　搭　捷運　免費,e
桃觀旅局推刮刮卡 未知旅程探索桃園,桃觀旅局推刮刮卡　未知　旅程　探索　桃園,o
BBC：等了20年的機捷！將給台灣帶來什麼？,BBC　：　等　了　20　年　的　機捷　！　將　給　台灣　帶來　什麼　？,o
北捷徵才 行控中心控制員54k,北捷　徵才　行控中心　控制員　54　k,o
中捷研議設警消隊 建立三鐵共構聯合救災,中捷　研議　設警消隊　建立　三鐵共構　聯合　救災,o
台南紡織董事長向小英建言 台南蓋捷運、觀光機場,台南　紡織　董事長　向　小英　建言　台南　蓋　捷運　、　觀光　機場,o
北捷電梯冒煙過站不停 影響2000人次,北捷　電梯　冒煙　過　站　不停　影響　2000　人次,t
機捷A13列車載台異常 直達車延誤,機捷　A　13　列　車載台　異常　直達車　延誤,t
高鐵烏日特區住宅 燙金企業大搶進,高鐵　烏日　特區　住宅　燙金　企業　大　搶進,o
不只悠遊卡 4月起高鐵也可感應一卡通聯名卡,不只　悠遊卡　4月　起　高鐵　也　可　感應　一　卡通　聯名　卡,e
文化局首度針對民眾開放徵選「捷運站體環境音樂」,文化局　首度　針對　民眾　開放　徵選　「　捷運站體　環境　音樂　」,o
捷運客又落軌 何志偉批：裝月台門12年未完工,捷運客　又　落軌　何志偉批　：　裝　月台門　12　年　未　完工,s
北捷中山地下書街由誠品得標,北捷　中山　地　下　書　街　由　誠品　得標,o
效法榮星花園 捷運局蘆洲打造共融性公園,效法　榮星　花園　捷運局　蘆洲　打造　共　融性　公園,o
高鐵清明連假加班車 18日開放購票,高鐵　清明　連假　加班車　18日　開放　購票,e
高鐵清明假期再增開6班  18日開訂,高鐵　清明　假期　再　增開　6　班　18日　開訂,t
基隆輕軌  總統：結合市港再生計畫,基隆　輕　軌　總統　：　結合　市　港　再生　計畫,o
基隆南港輕軌跨3縣市 80億經費如何攤,基隆　南港　輕　軌跨3　縣市　80億　經費　如何　攤,o
興建基隆輕軌捷運 林右昌：不只為了通勤,興建　基隆　輕　軌　捷運　林右昌　：　不只　為了　通勤,o
機捷號誌異常  班次嚴重誤點,機捷　號誌　異常　班次　嚴重　誤點,t
機捷首次嚴重誤點  卡在訊號異常,機捷　首　次　嚴重　誤點　卡在　訊號　異常,t
機場捷運369定期票優惠專案 20日開賣,機場捷運　369　定期票　優惠　專案　20　日　開賣,e
輪椅族專屬歌劇院 沉醉張正傑大提琴聲中,輪椅族　專屬　歌劇院　沉醉　張　正　傑　大提琴聲　中,o
基隆輕軌不如台鐵增班、跳蛙？鐵工局：容量已達上限、會慢車等快車,基隆　輕　軌　不如　台鐵　增班　、　跳蛙　？　鐵　工局　：　容量　已　達　上限　、　會　慢車　等　快車,t
副總統：生醫產業沿高鐵廊帶發展,副總統　：　生醫　產業　沿　高鐵　廊帶　發展,o
副總統陳建仁：台灣生醫將沿高鐵藍帶發展,副總統　陳建仁　：　台灣　生醫　將　沿　高鐵　藍　帶　發展,o
彰化高鐵特區釋出58筆土地向23種企業招商,彰化　高鐵　特區　釋出　58　筆　土地　向　23　種　企業　招商,o
中捷強化品牌行銷與附屬業務 拚114年損益兩平,中捷　強化　品牌　行銷　與　附屬　業務　拚　114　年　損益　兩　平,o
便利轉乘高鐵 台鐵微調列車時刻,便利　轉乘　高鐵　台鐵　微調　列車　時刻,t
方便轉高鐵  台鐵4/27微調95班車,方便　轉　高鐵　台鐵　4　/　27　微調　95　班車,t
鄭文燦：蔡總統28日宣布桃園前瞻基建,鄭文燦　：　蔡　總統　28日　宣布　桃園　前瞻基建,o
4月1日高鐵可嗶一卡通 享2％折扣,4月　1日　高鐵　可　嗶　一　卡通　享　2％　折扣,e
一卡通「嗶」進高鐵 4月上路,一　卡通　「　嗶　」　進　高鐵　4月　上路,e
交部力推軌道中心 建立檢驗國內軌道產品能力,交　部　力推　軌道　中心　建立　檢驗　國內　軌道　產品　能力,o
電子票證聯名卡搭高鐵 四月起增一卡通,電子票證　聯名　卡　搭　高鐵　四月　起　增　一　卡通,e
每日停靠僅20班次 立委批高鐵局漠視雲林人需求,每日　停靠　僅　20　班次　立委　批　高鐵局　漠視　雲林人　需求,t
五月天開唱 捷運大安森林站恐過站不停,五月　天開唱　捷運　大安　森林　站恐　過　站　不停,t
交通部同意補助中市府屯區捷運可行性評估 與捷運綠線形成環狀網路,交通部　同意　補助　中　市府　屯區　捷運　可行性　評估　與　捷運　綠線　形成　環狀　網路,o
高鐵增清晨北上列車  中南部出國更方便,高鐵　增　清晨　北上　列車　中南部　出國　更　方便,t
「高捷三寶關燈、補丁、省空調」 議員批省過頭,「　高捷　三寶　關燈　、　補丁　、　省　空調　」　議員　批省　過　頭,o
復育秀英花 阿嬤記憶停格機捷車站,復育　秀英花　阿嬤　記憶　停格機捷　車站,o
賀陳旦視察北屯機廠 初體驗列車駕駛,賀陳旦　視察　北屯　機廠　初　體驗　列車　駕駛,o
麻疹確診個案曾搭客運、捷運 同時段搭車者須自主管理,麻疹　確診　個案　曾　搭　客運　、　捷運　同　時段　搭　車　者　須　自主　管理,o
照明昏暗省過頭 高捷允冷氣照明調控,照明　昏暗省　過　頭　高捷允　冷氣　照明　調控,s
高鐵勞動節連假增52班  4/1開訂,高鐵　勞動節　連假　增　52　班　4　/　1　開　訂,t
體貼機捷旅客  台鐵便當本舖5號店31日開張,體貼　機捷　旅客　台鐵　便當　本舖　5　號　店　31　日　開張,o
高鐵增開班次 想搭早班機的有福了,高鐵　增開　班次　想　搭早　班機　的　有　福　了,t
把握半價搭機捷最終日  2日原價,把握　半價　搭機　捷　最終日　2　日　原價,e
機場捷運滿月 恢復正常票價,機場捷運　滿月　恢復　正常　票價,e
服務中南部出國旅客 高鐵28日起新增6時左營北上列車,服務　中南部　出國　旅客　高鐵　28　日　起　新增　6時　左營　北上　列車,t
80歲阿嬤帶「老公」搭高鐵去旅行 故事超感動,80　歲　阿嬤　帶　「　老公　」　搭　高鐵　去　旅行　故事　超　感動,o
中市捷運題材發酵 鄰商圈及綠地房市看好,中市　捷運　題材　發酵　鄰　商圈　及　綠地　房市　看好,o
4月3日中視午間新聞搶先看  為女爭風吃醋 西門捷運站前燃信號彈虛驚,4月　3日　中視　午間　新聞　搶先　看　為　女　爭風吃醋　西門　捷運站　前　燃　信號彈　虛驚,o
高鐵台南站今起接送分流 改善交通壅塞,高鐵　台南　站　今　起　接送　分流　改善　交通　壅塞,t
悠遊卡推出高捷、公車轉乘優惠,悠遊卡　推出　高捷　、　公車　轉乘　優惠,e
捷運電扶梯兩兩站立 比留通道更省時,捷運　電　扶梯　兩兩　站立　比　留　通道　更　省時,o
萬安40號演習13日登場 高鐵聯外接駁暫停,萬安　40　號　演習　13　日　登場　高鐵　聯外　接駁　暫停,t
13日萬安演習 高鐵5站聯外交通停駛半小時,13　日　萬安　演習　高鐵　5　站　聯外　交通　停駛　半　小時,t
13日下午萬安演習 高鐵苗栗、台中、雲林及嘉義配合管制,13日　下午　萬安　演習　高鐵　苗栗　、　台中　、　雲林　及　嘉義　配合　管制,t
農漁網具或帆布危及高鐵 恐面臨高鐵求償,農　漁網　具　或　帆布　危及　高鐵　恐　面臨　高鐵　求償,o
高鐵母親節加開52班車 周六開放購票,高鐵　母親節　加開　52　班車　周六　開放　購票,t
人員闖入高鐵軌道 6班次誤點,人員　闖入　高鐵　軌道　6　班次　誤點,t
持悠遊卡搭高捷公車享轉乘優惠 消費滿百再回饋20％,持　悠遊　卡搭高捷　公車　享　轉乘　優惠　消費　滿百　再　回饋　20％,e
4月16日各報頭版要聞,4月　16日　各　報　頭版　要聞,o
北市就服處4／17-4／21服務業大量徵才,北市　就　服處　4／17　-　4／21　服務業　大量　徵才,o
機捷推優惠  看Lamigo桃園主場回程免費,機捷推　優惠　看　Lamigo　桃園　主場　回程　免費,e
前瞻大餅「中彰投苗」聯盟成型？ 對抗雙北,前瞻　大餅　「　中　彰投苗　」　聯盟　成型　？　對抗　雙北,o
前瞻發展軌道運輸 柯P：想以北捷經驗提醒中央,前瞻　發展　軌道　運輸　柯　P　：　想　以北　捷　經驗　提醒　中央,o
捷運虧損誰負責？柯P：查查機場線現在現金流量多少,捷運　虧損　誰　負責　？　柯　P　：　查查　機場線　現在　現金流量　多少,o
不須蓋基隆輕軌？柯P：應連同其他一起討論,不須　蓋　基隆　輕　軌　？　柯　P　：　應　連同　其他　一起　討論,o
鄭開翔速寫屏東市景 圖像紀錄城市變化,鄭開翔　速寫　屏東市　景　圖像　紀錄　城市　變化,o
3項軌道建設有譜 高鐵田中站將成彰化觀光門戶,3　項　軌道　建設　有　譜　高鐵　田中　站　將　成　彰化　觀光　門戶,o
桃捷饗宴 育達高中餐旅群科舉辦餐旅日,桃捷　饗宴　育達　高　中餐　旅　群　科　舉辦　餐　旅日,o
總是比住戶想更多  璞園打造桃園高鐵夢想宅,總是　比　住戶　想　更多　璞園　打造　桃園　高鐵　夢想　宅,o
學生載歌載舞 宣傳雲林國際藝術展,學生　載歌載舞　宣傳　雲林　國際　藝術展,o
台灣、日本捷運公司與機場營運公司 四社簽定合作備忘錄,台灣　、　日本　捷運　公司　與　機場　營運　公司　四社　簽定　合作備忘錄,o
台鐵27日改點增班 高鐵轉乘更便利,台鐵　27　日　改點增班　高鐵　轉乘　更　便利,t
為萬大線槓上朱立倫？柯P：找出工程瓶頸解決就好,為　萬大　線　槓上　朱立倫　？　柯　P　：　找出　工程　瓶頸　解決　就　好,o
六家線轉高鐵時間對不上？現在免擔心了,六家　線轉　高鐵　時間　對　不　上　？　現在　免　擔心　了,t
超音波、磁粉探傷預防車軸斷裂 高鐵揭密,超音波　、　磁粉　探傷　預防　車軸　斷裂　高鐵　揭密,o
高鐵端午加開156列車 周六開賣,高鐵　端午　加開　156　列車　周六　開賣,t
高鐵今起加開左營6時北上列車 鄭文燦站台促銷轉搭機捷到機場,高鐵　今　起　加開　左營　6時　北上　列車　鄭文燦　站台　促銷　轉　搭機　捷　到　機場,t
醉客搭捷運隨意嘔吐 最高可罰7500元,醉客　搭　捷運　隨意　嘔吐　最　高　可　罰　7500　元,o
再現橋頭意象 高捷高架橋柱粉刷,再現　橋頭　意象　高捷　高架橋柱　粉刷,o
高鐵車上AED電擊 遊台泰國醫師起死回生,高鐵車　上　AED　電擊　遊　台　泰國　醫師　起死回生,o
高鐵給媽咪「按」個讚,高鐵　給　媽咪　「　按　」　個　讚,o
高捷母親節活動 送300份紫米紅豆粥品,高捷　母親節　活動　送　300　份　紫米　紅豆　粥品,o
台南會展中心興建工程國際徵圖起跑,台南　會展　中心　興建　工程　國際　徵圖　起跑,o
給媽咪按個讚！歡慶母親節活動多,給　媽咪　按　個　讚　！　歡慶　母親節　活動　多,o
台中捷運18列電聯車 預計今年底全數交車,台中　捷運　18　列　電聯車　預計　今年　底　全數　交　車,o
高鐵為母親節加開北返班次,高鐵　為　母親節　加開　北　返　班次,t
烏日高鐵區怪象 道路分隔綠帶是公園用地,烏日　高鐵　區怪象　道路　分隔　綠帶　是　公園　用地,o
故宮11億「鬥彩雞缸杯」展櫃竟出現蒼蠅屍,故宮　11億　「　鬥彩雞　缸　杯　」　展　櫃　竟　出現　蒼蠅　屍,o
台中捷運2018才試運轉 議員批現在就聘60員工,台中　捷運　2018　才　試　運轉　議員　批　現在　就　聘　60　員工,o
嘉義地震 高鐵部分班車延誤,嘉義　地震　高鐵　部分　班車　延誤,t
「我不勇敢 生活怎麼過下去？」8旬玫瑰嬤賣花養家,「　我　不　勇敢　生活　怎麼　過　下去　？　」　8　旬　玫瑰　嬤　賣　花　養家,o
高鐵攜手北捷、雙層觀巴 交通聯票6月開賣,高鐵　攜手　北捷　、　雙層　觀巴　交通　聯票　6月　開賣,e
端節疏運 高鐵加開兩班自由座列車,端節　疏運　高鐵　加開　兩　班　自由座　列車,t
高鐵北捷雙層巴士聯票6／1首發 現省1110元,高鐵　北捷　雙層　巴士　聯票　6／1　首發　現　省　1110　元,e
中山地下書街公共通道 6月起分區段裝修,中山　地　下　書　街　公共　通道　6月　起　分　區段　裝修,s
端午連假亂象？ 嘉義高鐵站外滿地菸蒂,端午　連假　亂象　？　嘉義　高鐵　站　外　滿　地　菸蒂,o
暑假出遊去 學生搭高鐵最多打5折,暑假　出遊　去　學生　搭　高鐵　最多　打　5　折,e
北捷被爆剝削清潔工 勞工怒控：太過分,北捷　被　爆　剝削　清潔工　勞工　怒控　：　太　過分,o
機捷通車 醒吾科大接駁學生更方便,機捷　通車　醒吾　科大　接駁　學生　更　方便,o
高鐵清明連假加開181班車 周六開放購票,高鐵　清明　連假　加開　181　班車　周六　開放　購票,t
清明高鐵加班車 4日凌晨開賣,清明　高鐵　加班車　4日　凌晨　開賣,e
機捷首日開通8成座位坐滿 動線舒適,機捷　首日　開通　8成　座位　坐滿　動線　舒適,s
機捷開通  桃機員工航廈免費搭,機捷　開通　桃機　員工　航廈　免費　搭,e
和機捷拚了 國光客運新站啟用,和　機捷拚　了　國光　客運　新站　啟用,o
中捷施工出包  暫停日間吊掛作業,中捷　施工　出包　暫停　日間　吊掛　作業,o
往返一二航廈不用搭電車 桃機：開放免費搭機捷,往返　一二　航廈　不用　搭　電車　桃機　：　開放　免費　搭機　捷,e
消基會呼籲桃園捷運改進五項缺失,消基會　呼籲　桃園　捷運　改進　五　項　缺失,s
桃捷推桃囍紀念套票  11日起限量販售,桃捷推桃囍　紀念　套票　11　日　起　限量　販售,e
桃捷推135優惠  公司學校社區獨享,桃捷推　135　優惠　公司　學校　社區　獨享,e
持桃園市民卡搭機捷 送大杯熱拿鐵,持　桃園　市民卡　搭機　捷　送　大　杯　熱　拿　鐵,e
搭輕軌不嗶  高捷專人稽票卡,搭　輕　軌　不　嗶　高　捷　專人　稽票　卡,s
乘客抱怨機捷嚴重誤點  桃捷：瞭解中,乘客　抱怨　機捷　嚴重　誤點　桃捷　：　瞭解　中,t
兩段式票價比單趟便宜 A7百名住戶要降價,兩段式　票價　比　單　趟　便宜　A　7百　名　住戶　要　降價,e
龜山住戶抗議票價  桃捷：穩定後調整,龜山　住戶　抗議　票價　桃捷　：　穩定　後　調整,e
機捷分段比一段便宜 桃捷：之前降太多的結果,機捷　分段　比　一段　便宜　桃捷　：　之前　降　太多　的　結果,e
機捷誤點  華航查無旅客取消搭機,機捷　誤點　華航　查無　旅客　取消　搭機,t
桃捷369優惠票 明天開賣抽機票,桃捷　369　優惠票　明天　開賣　抽　機票,e
天團加持  高捷日增7萬人次運量,天團　加持　高捷日增　7萬　人次　運量,t
滿足臨停需求 中捷文心路部分路側紅線改黃線,滿足　臨　停　需求　中　捷文　心路　部分　路　側紅線改黃線,o
五月天免費開唱 北市府呼籲歌迷搭捷運公車前往,五月　天　免費　開　唱　北市府　呼籲　歌迷　搭　捷運　公車　前往,t
兩鐵聯手  暢遊集集賞櫻超省錢,兩　鐵　聯手　暢遊　集集　賞　櫻超　省錢,e
五月天演唱會 捷運應該這樣搭,五月　天　演唱會　捷運　應該　這樣　搭,o
大台南未來捷運網可期待,大　台南　未來　捷運網　可　期待,o
五月天演唱會 北捷大安森林站運量較同期增3萬人,五月　天　演唱會　北捷　大安　森林　站　運量　較　同　期　增　3萬　人,t
推捷運黃線  高捷拚7年完工,推　捷運　黃　線　高捷拚　7　年　完工,o
營運困難！北捷108站快取寶 即日起停止服務,營運　困難　！　北捷　108　站　快取　寶　即日　起　停止　服務,o
機捷恢復正常價 桃捷分送彌月蛋糕,機捷　恢復　正常價　桃捷　分送　彌月　蛋糕,e
高鐵是否漲價  交部：不期待調漲,高鐵　是否　漲價　交部　：　不　期待　調漲,e
高鐵將漲價？交通部：請高鐵審慎評估,高鐵　將　漲價　？　交通部　：　請　高鐵　審慎　評估,e
票價將漲5％？高鐵公司：待送董事會討論  儘早公布結果,票價　將　漲　5％　？　高鐵　公司　：　待　送　董事會　討論　儘早　公布　結果,e
高鐵票價達調高標準  是否漲價待評估,高鐵　票價　達　調高　標準　是否　漲價　待　評估,e
得易Ponta vs.玉山銀行 首次轉點加碼送 一卡通桃捷交通累點啟動,得易　Ponta　vs　.　玉山銀行　首　次　轉點　加碼　送　一　卡通　桃捷　交通　累點　啟動,e
高鐵調漲票價 專家：只看物價指數令人無法接受,高鐵　調漲　票價　專家　：　只　看　物價指數　令　人　無法　接受,e
收假日高鐵道岔異常 28分排除故障,收假　日高　鐵道　岔　異常　28　分　排除　故障,t
高鐵新竹站道岔訊號異常 影響部分車次,高鐵　新竹　站道岔　訊號　異常　影響　部分　車次,t
柯文哲：美感教育不能等！北捷內藝術展區卻在消失中,柯文哲　：　美感　教育　不能　等　！　北捷　內　藝術展區　卻　在　消失　中,o
高鐵便當改版 3款新口味開賣,高鐵　便當　改版　3　款　新　口味　開賣,o
選擇更多元  高鐵便當換新口味登場,選擇　更　多元　高鐵　便當　換新　口味　登場,o
機捷票價議員嫌高 盼調降並開放愛心卡使用,機捷　票價　議員　嫌高　盼　調降　並　開放　愛心卡　使用,e
機捷借來超音波探傷車 全面檢測鋼軌安全,機捷　借來　超音波　探傷車　全面　檢測　鋼軌　安全,o
防範事故 高鐵新三站月台裝設智慧型監視器,防範　事故　高鐵　新三　站　月台　裝設　智慧型　監視器,s
周五持悠遊卡搭北捷、公車、Youbike 集點倍數送,周五持　悠遊　卡搭北捷　、　公車　、　Youbike　集點　倍數　送,e
台北捷運商品館重新開幕 限定期間雙重回饋禮,台北　捷運　商品館　重新　開幕　限定　期間　雙重　回饋　禮,e
中捷電聯車穩定度測試 市府有信心明年試運轉,中捷　電聯車　穩定度　測試　市府　有　信心　明年　試　運轉,o
高雄空氣太差 環團要求紅害日免費搭捷運公車,高雄　空氣　太　差　環團　要求　紅害日　免費　搭　捷運　公車,o
車廂設置AED 桃捷全台唯一,車廂　設置　AED　桃捷　全台　唯一,s
「台北捷運Go」APP改版 全國交通資訊e手掌握,「　台北　捷運　Go　」　APP　改版　全國　交通　資訊　e　手　掌握,o
文湖線軌道輕微冒煙 全線暫停後已恢復營運,文湖線　軌道　輕微　冒煙　全線　暫停　後　已　恢復　營運,t
高鐵母親節活動開跑 臉書互動抽車票,高鐵　母親節　活動　開跑　臉書　互動　抽　車票,e
高捷好小子夏令營 早鳥享優惠報名開始,高捷　好小子　夏令營　早　鳥享　優惠　報名　開始,e
萬安演習5／18舉行 北捷正常運行但乘客不能離站,萬安　演習　5／18　舉行　北捷　正常　運行　但　乘客　不能　離　站,o
慶祝母親節 陳菊到高鐵站發送火鶴花,慶祝　母親節　陳菊　到　高鐵　站　發送　火鶴花,o
高鐵站快閃表演 提前傳遞母親節溫馨,高鐵　站　快　閃　表演　提前　傳遞　母親節　溫馨,o
持車票到高鐵苗栗站 媽媽可享免費按摩,持　車票　到　高鐵　苗栗站　媽媽　可　享　免費　按摩,e
機捷穿新衣 首輛彩繪列車著裝大公開,機捷穿　新衣　首　輛　彩繪　列車　著裝　大　公開,o
高鐵端午加開6班車 周六開放預購,高鐵　端午　加開　6　班車　周六　開放　預購,t
台中捷運新一代號誌系統班距最短90秒 迅速紓解人潮,台中　捷運　新一代　號誌　系統　班距　最　短　90　秒　迅速　紓解　人潮,s
搭高鐵可充電 兩車廂新增USB插座,搭　高鐵　可　充電　兩　車廂　新增　USB　插座,s
中捷引進德路軌兩用車 可拖引重10倍電聯車,中捷　引進　德路軌　兩用車　可　拖引重　10　倍　電聯車,o
北捷準備好了！ 旅客可將衛生紙丟馬桶,北捷　準備好　了　！　旅客　可　將　衛生紙　丟　馬桶,s
台中捷運全線月台門可耐17級強風 防落軌,台中　捷運　全線　月台　門可耐　17　級　強風　防落　軌,s
舞台變身捷運車廂 音樂劇《MRT2》高唱歡笑青春無敵,舞台　變身　捷運　車廂　音樂劇　《　MRT　2　》　高唱　歡笑　青春　無敵,e
捷運古亭站5號出入口電扶梯 6月5日啟用,捷運　古亭　站　5　號　出入口　電　扶梯　6月　5日　啟用,s
「2017 高雄捷運公益路跑」活動 開始接受報名,「　2017　高雄　捷運　公益　路跑　」　活動　開始　接受　報名,e
離彰化市最近的高鐵站不是彰化!市長：該正名嗎？,離　彰化市　最近　的　高鐵　站　不　是　彰化　!　市長　：　該　正名　嗎　？,o
萬大線工程疑挖到古城牆遺址 議員籲停工釐清,萬大　線　工程　疑　挖　到　古城　牆　遺址　議員　籲　停工　釐清,o
歧視更生人？台灣高鐵：保障工程安全,歧視　更生人　？　台灣高鐵　：　保障　工程　安全,o
機捷通車將滿百日 鄭文燦：成效超過高捷北捷,機捷　通車　將　滿百　日　鄭文燦　：　成效　超過　高捷北捷,o
中捷與台鐵連通 北中南3站無縫轉乘,中捷　與　台鐵　連通　北　中　南3　站　無縫　轉乘,t
進駐機捷滿100天 微風辦夏日響樂節音樂會,進駐　機捷滿　100　天　微風　辦　夏日　響樂節　音樂會,e
高鐵2017暑假營隊 12日開放報名,高鐵　2017　暑假　營隊　12日　開放　報名,e
捷運台電大樓站1號出口26日起拖吊違停自行車,捷運　台電　大樓　站　1　號　出口　26　日　起　拖吊　違停　自行車,s
岑永康稱高捷「空蕩蕩」 網友發全景照打臉,岑　永康　稱高捷　「　空蕩蕩　」　網友　發　全　景　照　打　臉,o
遠傳電信集團釋出高達60K主管職缺,遠傳　電信　集團　釋出　高達　60　K　主管　職缺,o
這也可以比！ 網友辦北捷空無一人攝影賽,這　也　可以　比　！　網友　辦北捷　空無一人　攝影賽,e
高鐵贈送車票 身障院生圓夢遠遊,高鐵　贈送　車票　身障院生　圓夢　遠遊,e
捷運台電大樓站1號出口 即日起拖吊違停自行車,捷運　台電　大樓　站　1　號　出口　即日　起　拖吊　違停　自行車,s
高鐵商務艙優惠8月起8折變9折 最多縮水250元,高鐵　商務艙　優惠　8月　起　8　折　變　9　折　最多　縮水　250　元,e
方便太平民眾橫越市區 74路太平快線公車上路,方便　太平　民眾　橫越　市區　74　路　太　平快　線　公車　上路,t
機捷營運三個月虧上億？網批蔡：還搞軌道建設,機捷　營運　三　個　月　虧　上億　？　網批　蔡　：　還　搞　軌道　建設,o
捷運綠線G8a站坐擁精華地帶 將成逢甲商圈新門戶,捷運　綠線　G8a　站　坐擁　精華　地帶　將　成　逢甲　商圈　新　門戶,o
陳建銘：興建捷運有時是一個迷思,陳建銘　：　興建　捷運　有時　是　一　個　迷思,o
北市就服處提供548個工作機會,北市　就　服處　提供　548　個　工作機會,o
吳淡如PO車廂空蕩照 桃捷公司3點回應：以偏概全,吳淡　如　PO　車廂　空蕩　照　桃捷　公司　3　點　回應　：　以偏概全,o
高鐵站再掀正名話題！魏明谷建議縣市名下再加鄉鎮,高鐵　站　再　掀　正名　話題　！　魏明谷　建議　縣市　名下　再　加　鄉　鎮,o
糗！交通部為「前瞻軌道」製圖釋疑卻出包,糗　！　交通部　為　「　前瞻　軌道　」　製圖　釋疑　卻　出包,o
空蕩蕩! 吳淡如3圖曝機捷慘狀,空蕩蕩　!　吳　淡　如　3　圖　曝機捷　慘狀,o
台灣高鐵探索館 辦鐵道文化講座,台灣高鐵　探索館　辦　鐵道　文化　講座,e
遭聯結車撞擊 機捷停擺45分鐘,遭　聯結　車　撞擊　機捷　停擺　45　分鐘,t
機捷橋墩遭撞 鄭文燦：全線安全一併檢討,機捷　橋墩　遭　撞　鄭文燦　：　全線　安全　一併　檢討,o
捷運三鶯線車站命名完成 預計2023年完工,捷運　三鶯線　車站　命名　完成　預計　2023年　完工,s
捷運新蘆線經費訴訟敗訴 柯P：輸了就吞下去,捷運　新蘆線　經費　訴訟　敗訴　柯　P　：　輸　了　就　吞下去,o
北捷新店線大坪林站 施工隔板遭強風吹開,北捷　新店線　大　坪林站　施工　隔板　遭　強風　吹開,s
安娜貝爾登車損商譽 律師：高鐵想告舉證hen難！,安娜　貝爾　登　車　損　商譽　律師　：　高鐵　想　告　舉證　hen　難　！,o
台中捷運電聯車再測試 朝109年通車邁進,台中　捷運　電聯車　再　測試　朝　109　年　通車　邁進,t
華航紐澳線冬季航班倍增 北捷紐澳專車打卡送機票,華航　紐　澳　線　冬季　航班　倍增　北　捷　紐　澳　專車　打卡　送　機票,e
遭桃園市府刁難 桃捷公會赴勞動部陳情,遭　桃園　市府　刁難　桃捷　公會　赴　勞動部　陳情,o
新北捷運環狀線合龍 完工8成預明年底通車,新　北　捷運　環狀　線合龍　完工　8成　預　明年　底　通車,t
加強培育專業人才 興大台中捷運簽署產學合作,加強　培育　專業人才　興大　台中　捷運　簽署　產學合作,o
營運前虧損 桃捷公司全力向中央爭取補助損失,營運　前　虧損　桃捷　公司　全力　向　中央　爭取　補助　損失,o
高鐵趴趴唱「Tuuletar」樂團台中站登場,高鐵　趴　趴唱　「　Tuuletar　」　樂團　台中站　登場,e
歡慶重陽節 高鐵贈票助長者圓夢,歡慶　重陽節　高鐵　贈　票　助長　者　圓夢,e
高鐵個人會員明凌晨上線  車票、生日禮、指定車次優惠樣樣來,高鐵　個　人　會員　明　凌晨　上線　車票　、　生日　禮　、　指定　車次　優惠　樣樣　來,e
高鐵會員TGo明上線 抽萬張半價票,高鐵　會員　TGo　明　上線　抽　萬　張　半價票,e
小巨蛋委外更賺錢  市府仍決定由北捷經營,小　巨蛋　委外　更　賺錢　市府　仍　決定　由　北捷　經營,o
周末音樂饗宴 興大附中管樂社高鐵演出,周末　音樂　饗宴　興大　附中　管樂社　高鐵　演出,e
高鐵送免費車票 北美國小：最棒萬聖節禮物,高鐵　送　免費　車票　北美　國小　：　最　棒　萬聖節　禮物,e
爭取楊梅到高鐵快捷公車 邀請業者投標,爭取　楊梅　到　高鐵　快捷　公車　邀請　業者　投標,o
影》高鐵公布最怕「4大生物」 遇到哪個最崩潰？,影　》　高鐵　公布　最　怕　「　4大　生物　」　遇到　哪　個　最　崩潰　？,o
高鐵捐血傳愛活動 10日桃園站開跑,高鐵　捐血傳　愛　活動　10　日　桃園站　開跑,e
當心！假優惠滿天飛 台鐵、高鐵、遠通都受害,當心　！　假　優惠　滿天飛　台鐵　、　高鐵　、　遠通　都　受害,e
影》高鐵稱爆滿車廂竟空蕩蕩 立委批：難怪虧本,影　》　高鐵　稱　爆滿　車廂　竟　空蕩蕩　立委　批　：　難怪　虧本,o
台北捷運6折兒童票 確定明年元旦零時上路,台北　捷運　6　折　兒童票　確定　明年　元旦　零時　上路,e
高鐵行動購票再升級 Apple、Android Pay即日啟用,高鐵　行動　購票　再　升級　Apple　、　Android　Pay　即日　啟用,e
高捷限定「Art-Zoo藝術動物園」彩繪列車 合照送好禮,高捷　限定　「　Art-Zoo　藝術　動物園　」　彩繪　列車　合照　送　好禮,e
高捷限定「Art-Zoo藝術動物園」彩繪列車 合照送好禮,高捷　限定　「　Art-Zoo　藝術　動物園　」　彩繪　列車　合照　送　好禮,e
藍41公車延駛至捷運永安市場站 16日正式上路,藍　41　公車　延　駛至　捷運　永安　市場站　16　日　正式　上路,t
賴清德南下屏東開會 縣議員帶隊抗議拒絕高鐵南延,賴清德　南下　屏東　開會　縣議員　帶隊　抗議　拒絕　高鐵　南延,o
高鐵贈票 帶山區弱勢獨老遊苗栗,高鐵　贈　票帶　山區　弱勢　獨老遊　苗栗,e
高鐵左營站贈票為身心障礙青年圓夢,高鐵　左營站　贈　票　為　身心障礙　青年　圓夢,e
大媽機捷座椅上搓腳飄異味！善意提醒竟遭嗆「管太多」,大媽　機捷　座椅　上　搓腳飄　異味　！　善意　提醒　竟　遭　嗆　「　管　太多　」,o
機捷A9林口站吃健康！「小農市集」等你來,機捷　A　9　林口　站吃　健康　！　「　小農　市集　」　等　你　來,e
疏運返鄉人潮 高鐵今增開1南下加班車,疏運　返鄉　人潮　高鐵　今　增開　1　南下　加班車,t
高鐵會員獨享平日離峰優惠 延至明年3月,高鐵　會員　獨享　平日　離峰　優惠　延至　明年　3月,e
高捷導入人臉辨識系統 分析大數據吸金,高捷　導入　人　臉　辨識　系統　分析　大數據　吸金,o
2017台北馬拉松 捷運清晨5點20分發車,2017　台北　馬拉松　捷運　清晨　5點20　分　發車,t
北捷系統異常！板南線一度單向通車、班次延誤,北捷　系統　異常　！　板南線　一　度　單向　通車　、　班次　延誤,t
網羅各地特產 高鐵市集台中站開幕,網羅　各　地　特產　高鐵　市集　台中站　開幕,e
高鐵台中站市集 網羅國內名產,高鐵　台中站　市集　網羅　國內　名產,e
高鐵市集進駐台中站 祭開幕優惠,高鐵　市集　進駐　台中站　祭　開幕　優惠,e
北捷列車異常 忠義站至紅樹林站單線雙向運行,北捷　列車　異常　忠義站　至　紅樹林站　單線　雙向　運行,t
母抱孩子尿在捷運垃圾桶 引網友憤怒,母抱　孩子　尿　在　捷運　垃圾桶　引　網友　憤怒,o
女大生高鐵上不適 高醫院長等出手救人,女大生　高鐵　上　不適　高醫　院長　等　出手　救　人,o
北港高中捷報！ 地理科老師張凱翔榮獲全國首獎,北港　高中　捷報　！　地理科　老師　張凱翔　榮獲　全國　首獎,o
高鐵延伸屏東評估報告出爐 就等政院點頭,高鐵　延伸　屏東　評估報告　出爐　就　等　政院　點頭,o
比北市更優惠！ 新北兒童搭捷運5折,比　北市　更　優惠　！　新　北　兒童　搭　捷運　5　折,e
《全台最速報》比北市更優惠！新北兒童搭捷運５折,《　全台　最　速報　》　比　北市　更　優惠　！　新　北　兒童　搭　捷運　５　折,e
高鐵南延屏東可行？專家打臉：每年虧2億,高鐵　南延　屏東　可行　？　專家　打臉　：　每年　虧　2億,o
高鐵迎新年 TGo會員搭車送紅利,高鐵　迎　新年　TGo　會員　搭　車　送　紅利,e
高鐵迎新年 TGo會員搭車送紅利,高鐵　迎　新年　TGo　會員　搭　車　送　紅利,e
台北跨年晚會7時嗨唱　捷運5時起3分鐘一班,台北　跨年　晚會　7時　嗨　唱　捷運　5時　起　3　分鐘　一　班,t
高鐵商務車廂 4月1日起取消9折優惠,高鐵　商務　車廂　4月　1日　起　取消　9　折　優惠,e
小確幸沒了！高鐵取消商務車廂9折 4月起北高漲245元,小　確　幸　沒　了　！　高鐵　取消　商務　車廂　9　折　4月　起　北　高漲　245　元,e
高鐵商務車廂9折優惠沒了　4月1日起北高貴245元,高鐵　商務　車廂　9　折　優惠　沒　了　4月　1日　起　北　高貴　245　元,e
搭高鐵春遊使用台灣Pay享百元回饋金,搭　高鐵　春遊　使用　台灣　Pay　享　百　元　回饋　金,e
小確幸沒了！高鐵取消商務車廂9折 4月起北高漲245元,小　確　幸　沒　了　！　高鐵　取消　商務　車廂　9　折　4月　起　北　高漲　245　元,e
搭高鐵刷「台灣Pay」 百元回饋金限量送,搭　高鐵　刷　「　台灣　Pay　」　百　元　回饋　金　限量　送,e
桃園機捷通車2周年 推LED立體列車限量造型票卡,桃園　機捷　通車　2　周年　推　LED　立體　列車　限量　造型　票卡,e
高鐵+馬航 車票優惠最低5折,高鐵　+　馬航　車票　優惠　最　低　5　折,e
大雨襲北台 捷運淡水站地下停車場暫停進出,大雨　襲北台　捷運　淡水　站　地　下　停車場　暫停　進出,s
誇張! 男子想下車 竟用腳硬卡捷運門,誇張　!　男子　想　下車　竟　用　腳　硬卡　捷運門,o
學童搭北捷優惠 柯P：以小學生為主,學童　搭北捷　優惠　柯　P　：　以　小學生　為主,e
機捷A10站開發 鄭文燦：另5站也要配套比照,機捷　A　10　站　開發　鄭文燦　：　另　5　站　也　要　配套　比照,s
高鐵雲林站 7月起每周增停3班,高鐵　雲林站　7月　起　每　周　增停　3　班,t
中捷軌道用可動式岔心 有效減噪,中捷　軌道　用可　動　式岔　心　有效　減噪,o
最夯的打卡新地標 世大運彩繪列車今日啟動！,最　夯　的　打卡　新　地標　世大運　彩繪　列車　今日　啟動　！,e
機捷A5泰山站北出口  2021年可望完工,機捷　A　5　泰山　站北　出口　2021年　可望　完工,s
機捷不能刷卡、列印收據 桃捷說明了,機捷　不能　刷卡　、　列印　收據　桃捷　說明　了,o
捷運台北車站店鋪增建 施工不影響通行,捷運　台北　車站　店鋪　增建　施工　不　影響　通行,s
2500捷運月票擬降價？柯：精算中,2500　捷運　月票　擬　降價　？　柯　：　精算　中,e
不只偷吃東西、化妝、放閃！搭捷運最常做的10件事,不只　偷吃　東西　、　化妝　、　放閃　！　搭　捷運　最　常　做　的　10　件　事,o
北捷板南線車廂冒煙 千名旅客緊急下車,北捷板南線　車廂　冒煙　千　名　旅客　緊急　下車,t
空調太低？高鐵：沒有低於22度以下的狀況,空調　太　低　？　高鐵　：　沒有　低於　22　度　以下　的　狀況,o
捷運盃捷客街舞大賽初賽 柯文哲現身加油,捷運　盃捷客　街舞　大賽　初賽　柯　文哲　現身　加油,e
尼莎來襲 高鐵籲沿線民眾加強周邊物件固定,尼莎　來襲　高鐵　籲　沿線　民眾　加強　周邊　物件　固定,o
尼莎颱風將來襲 北捷視狀況調整營運,尼莎　颱風　將　來襲　北捷　視　狀況　調整　營運,t
全台大跳電 高鐵台鐵北捷均未受影響,全　台大　跳電　高鐵　台鐵　北捷　均　未　受　影響,t
民代力爭高鐵兩聯橋動土,民代　力爭　高鐵　兩　聯　橋　動土,o
北市就服處徵才 餐飲、服務業人力缺口亟待填補,北市　就　服處　徵才　餐飲　、　服務業　人力　缺口　亟待　填補,o
東區最美地下街開幕  打造悠遊時尚新亮點,東區　最　美　地下街　開幕　打造　悠遊　時尚　新　亮點,o
立委爭取雲彰高鐵站周增停7班,立委　爭取　雲彰　高鐵　站周增停　7　班,t
安娜貝爾出沒車廂乘客受驚 高鐵森77喊告華納,安娜　貝爾　出沒　車廂　乘客　受驚　高鐵　森　77　喊　告　華納,o
高鐵完成防颱整備 明維持全線通車,高鐵　完成　防颱　整備　明　維持　全線　通車,t
立委質疑 高鐵局：設立軌道中心確實有必要,立委　質疑　高鐵局　：　設立　軌道　中心　確實　有　必要,o
看到捷運有空位爽入座 卻碰到史上最尷尬情形,看到　捷運　有　空位　爽　入座　卻　碰到　史上　最　尷尬　情形,o
悠遊卡嗶不進輕軌　林向愷怨：高捷不合理,悠遊卡　嗶　不　進　輕　軌林　向　愷怨　：　高捷　不　合理,o
中市捷運綠線帶動房市商機 G0站掀推案熱潮,中市　捷運　綠　線　帶動　房市　商機　G　0　站　掀　推案　熱潮,o
北市轉乘優惠再進化！UBike轉公車捷運省5元,北市　轉乘　優惠　再　進化　！　UBike　轉　公車　捷運　省　5　元,e
影》雙北擬推「30日票」 2千元捷運、公車無限搭 民眾：太貴,影　》　雙北　擬　推　「　30日票　」　2千　元　捷運　、　公車　無限　搭　民眾　：　太　貴,e
苗栗健走迎接地政節 行銷客家圓樓和高鐵土地,苗栗　健走　迎接　地政節　行銷　客家　圓樓　和　高鐵　土地,e
狂歡跨年夜 專家意外發現北捷會影響地磁場,狂歡　跨　年夜　專家　意外　發現　北捷　會　影響　地　磁場,o
這杯茶好有味！ 達德商工學生高鐵站為田中馬跑者奉茶,這　杯　茶　好　有　味　！　達德　商工　學生　高鐵　站　為　田中　馬　跑者　奉茶,e
Apple Pay也嗶進高鐵！今年信用卡支付成長38.8％,Apple　Pay　也　嗶　進　高鐵　！　今年　信用卡　支付　成長　38.8％,e
高鐵靠窗座變自由座？他說這句話讓佔位大媽驚呆,高鐵　靠　窗　座變　自由座　？　他　說　這　句　話　讓　佔位　大媽　驚呆,o
去年盈餘創史上最高 北捷員工有望調薪3％,去年　盈餘　創　史上　最　高　北捷　員工　有望　調薪　3％,o
捷運上餵母奶被大媽酸丟臉 老公一句話讓她閉嘴,捷運　上　餵　母　奶　被　大媽　酸　丟臉　老公　一　句　話　讓　她　閉嘴,o
高鐵元旦連假加開101班車 周六開放預購,高鐵　元旦　連假　加開　101　班車　周六　開放　預購,e
元旦假期搭高鐵 12／2起開放訂票,元旦　假期　搭　高鐵　12／2　起　開放　訂　票,e
高雄大眾運輸免費上路 捷運早上運量增1成3,高雄　大眾　運輸　免費　上路　捷運　早上　運量　增　1成3,t
台灣高鐵平日離峰優惠 延長兩月,台灣高鐵　平日　離峰　優惠　延長　兩月,e
捷運廣播為何無日韓語？北捷回應了,捷運　廣播　為何　無　日韓語　？　北捷　回應　了,o
耶誕音樂趴疏運 高鐵加開11班列車,耶誕　音樂　趴　疏運　高鐵　加開　11　班　列車,t
大學生限定 高鐵返鄉優惠16日開放訂票,大學生　限定　高鐵　返鄉　優惠　16日　開放　訂　票,e
桃園機場捷運將朝運量提升目標邁進 準點達99.95％,桃園　機場捷運　將　朝　運量　提升　目標　邁進　準點　達　99.95％,t
跨年交管25日啟動 台北捷運42小時不收班,跨年　交管　25日　啟動　台北　捷運　42　小時　不　收　班,t
跨年夜紓解百萬人潮 北捷42小時不收班,跨　年夜　紓解　百萬　人潮　北捷　42　小時　不　收　班,t
超暖心！耶誕夜8醫護在高鐵上「即刻救援」,超暖　心　！　耶誕　夜8　醫護　在　高鐵　上　「　即刻　救援　」,o
跨年夜等車　北捷潮天團陪你解悶,跨　年夜　等　車　北捷潮天團　陪　你　解悶,o
名校老師變歌手 文森大叔高鐵台南站獻唱鼓舞人心,名校　老師　變　歌手　文森　大叔　高鐵　台南　站　獻唱　鼓舞　人心,e
台北101湧現看煙火人潮  捷運市府周邊達23萬人次,台北　101　湧現　看　煙火　人潮　捷運　市府　周邊　達　23萬　人次,o
北捷目前全線運量150萬人次  營運狀況正常,北捷　目前　全線　運量　150萬　人次　營運　狀況　正常,t
高鐵觀光夯 今年可望帶286萬人次去旅行,高鐵　觀光　夯　今年　可望　帶　286萬　人次　去　旅行,t
228連假將至 高鐵今晚、明早加開自由座列車,228　連假　將　至　高鐵　今晚　、　明　早　加開　自由座　列車,t
228連假明登場　高鐵加開2班全車自由座列車,228　連假　明　登場　高鐵　加開　2　班　全　車　自由座　列車,t
疏運二二八連假旅客高鐵加開2班列車,疏運　二二八　連假　旅客　高鐵　加開　2　班　列車,t
228連假將至 高鐵今晚、明早加開自由座列車,228　連假　將　至　高鐵　今晚　、　明　早　加開　自由座　列車,t
縮短北捷薪水差距留住人才 鄭文燦：桃捷今年起加薪3%,縮短　北捷　薪水　差距　留住　人才　鄭文燦　：　桃捷　今年　起　加薪　3%,o
搭高鐵刷「台灣Pay」 百元回饋金限量送,搭　高鐵　刷　「　台灣　Pay　」　百　元　回饋　金　限量　送,e
北市燈節西門站2出口「只進不出」遊客塞爆捷運站,北市　燈節　西門　站2　出口　「　只　進　不　出　」　遊客　塞爆　捷運站,s
高鐵聯手馬航 推「機加鐵」8折優惠聯票,高鐵　聯手　馬航　推　「　機　加　鐵　」　8　折　優惠　聯票,e
高鐵與馬航合推「機加鐵」限時優惠　車票5折起,高鐵　與　馬航　合推　「　機　加　鐵　」　限時　優惠　車票　5　折起,e
拓新南向市場高鐵馬航合作票價雙折扣,拓　新南向　市場　高鐵　馬航　合作　票價　雙　折扣,e
高鐵聯手馬航 推「機加鐵」8折優惠聯票,高鐵　聯手　馬航　推　「　機　加　鐵　」　8　折　優惠　聯票,e
機場捷運3月起 深夜增開4班往機場班次,機場捷運　3月　起　深夜　增開　4　班　往　機場　班次,t
機捷3月啟動深夜增開往機場服務班次,機捷　3月　啟動　深夜　增開　往　機場　服務　班次,t
在地盛典 逛燈會玩墾丁 高鐵5折券天天抽 住美棧2晚4700元 合照花燈打卡 墾丁福華升等房型,在　地　盛典　逛　燈會　玩　墾丁　高鐵　5　折　券　天天　抽住　美　棧　2　晚　4700　元　合照　花燈　打卡　墾丁　福華　升等　房型,e
台灣捷運連廣告都乾淨　日本人自嘲：果然是變態國家,台灣　捷運　連　廣告　都　乾淨　日本人　自嘲　：　果然　是　變態　國家,o
行李不再推拖拉！台鐵到機捷連通道 啟用電動步道,行李　不再　推拖　拉　！　台鐵　到　機捷　連　通道　啟用　電動　步道,s
傳柯P密會買家盼大巨蛋速解套　北捷董座：確有拜會企業,傳　柯　P　密會　買家　盼　大巨蛋　速　解套　北捷　董座　：　確　有　拜會　企業,o
外國人驚呆了！韓國歐巴初體驗台灣捷運 大讚這5特色,外國人　驚呆　了　！　韓國　歐巴　初　體驗　台灣　捷運　大讚　這　5　特色,o
高鐵站到台灣燈會客運比鐵路快半小時,高鐵　站到　台灣　燈會　客運　比　鐵路　快　半　小時,o
雙省！高鐵推春季促銷住五星飯店最低三折,雙省　！　高鐵　推　春季　促銷　住五星　飯店　最　低　三　折,e
高鐵攜手飯店推春遊促銷　入住長榮最低3折起,高鐵　攜手　飯店　推　春遊　促銷　入住　長榮　最　低　3　折起,e
雙省！高鐵推春季促銷住五星飯店最低三折,雙省　！　高鐵　推　春季　促銷　住五星　飯店　最　低　三　折,e
搭高鐵吃麻糬「花生粉灑滿地」　他拍拍屁股走人,搭　高鐵　吃　麻糬　「　花生粉　灑滿　地　」　他　拍拍　屁股　走人,o
高鐵飯店聯票限時促銷 車票7折、長榮飯店最低3折,高鐵　飯店　聯票　限時　促銷　車票　7　折　、　長榮　飯店　最　低　3　折,e
台灣高鐵228假期 再加開六班次列車,台灣高鐵　228　假期　再　加開　六　班次　列車,t
二二八連假高鐵再增6班次 16日凌晨開賣,二二八　連假　高鐵　再　增　6　班次　16日　凌晨　開賣,t
高鐵228連假加開6班車 週六開放購票,高鐵　228　連假　加開　6　班車　週六　開放　購票,t
228連假高鐵再加開6班車　後天凌晨0時開搶,228　連假　高鐵　再　加開　6　班車　後天　凌晨　0時　開　搶,t
二二八連假高鐵再增6班次16日凌晨開賣,二二八　連假　高鐵　再　增　6　班　次16日　凌晨　開賣,t
高鐵228連假加開6班車 週六開放購票,高鐵　228　連假　加開　6　班車　週六　開放　購票,t
228疏運高鐵再開6班車 16日凌晨開始搶票,228　疏運　高鐵　再　開　6　班車　16日　凌晨　開始　搶　票,t
麻疹患者出沒！ 在這些時段曾搭乘北捷者請小心,麻疹　患者　出沒　！　在　這些　時段　曾　搭乘　北捷　者　請　小心,o
搭高鐵行程賞燈會 抽高鐵5折券,搭　高鐵　行程　賞　燈會　抽　高鐵　5　折　券,e
屏東賞燈搭高鐵 5折券天天抽,屏東　賞燈　搭　高鐵　5　折　券　天天　抽,e
屏東賞燈搭高鐵 5折券天天抽,屏東　賞燈　搭　高鐵　5　折　券　天天　抽,e
改打政績牌  柯P：環狀線機電系統一定要統一,改打　政績牌　柯　P　：　環狀線　機電　系統　一定　要　統一,o
高鐵三站公車補助不取消 交通部：是高鐵的社會責任,高鐵　三站　公車　補助　不　取消　交通部　：　是　高鐵　的　社會責任,o
高雄輕軌查票不嚴？網友感嘆「買票是笨蛋」引議論,高雄　輕　軌查票　不　嚴　？　網友　感嘆　「　買票　是　笨蛋　」　引　議論,o
開工不憂鬱 星巴克等連鎖咖啡明祭買一送一優惠,開工　不　憂鬱　星巴克　等　連鎖　咖啡　明祭　買一送一　優惠,e
【華航罷工30】聲援機師　高鐵工會：罷工絕非自私行為,【　華航　罷工　30　】　聲援　機師　高鐵　工會　：　罷工　絕非　自私　行為,o
最美觀光客!捷運內打翻奶茶　她竟拿圍巾蹲地急擦,最　美　觀光客　!　捷運　內　打翻　奶茶　她　竟　拿　圍巾　蹲　地　急擦,o
老外拿行李霸佔高鐵座位　高鐵：經勸導後有放到行李區,老外　拿　行李　霸佔　高鐵　座位　高鐵　：　經　勸導　後　有　放到　行李區,o
老外行李占高鐵座位　整車擠翻卻沒人敢開口,老外　行李　占　高鐵　座位　整車擠翻　卻　沒　人　敢　開口,o
被學生霸佔、小黃跟車亂擠？全台最亂高鐵站第一名是...,被　學生　霸佔　、　小黃　跟　車　亂擠　？　全台　最　亂　高鐵　站　第一　名　是　...,o
高鐵員工每日上工檢查服儀　指甲油顏色還有指定色卡,高鐵　員工　每　日　上工　檢查　服儀　指甲油　顏色　還　有　指定　色卡,o
桃捷初一出包6.5小時班距拉長2倍,桃捷　初一　出包　6.5小時班　距　拉長　2　倍,t
桃捷初一出包班距拉長2倍暫停行李托運,桃捷　初一　出包班　距　拉長　2　倍　暫停　行李　托運,t
桃捷初一出包6.5小時班距拉長2倍,桃捷　初一　出包　6.5小時班　距　拉長　2　倍,t
桃捷初一出包班距拉長2倍暫停行李托運,桃捷　初一　出包班　距　拉長　2　倍　暫停　行李　托運,t
春節疏運機捷出包 網酸：台鐵安全第一1千件背心給機捷,春節　疏運　機捷　出包　網酸　：　台鐵　安全　第一　1千　件　背心　給　機捷,o
沒手機、沒第四台、沒高鐵 回顧30年前春節怎麼過,沒　手機　、　沒　第四台　、　沒　高鐵　回顧　30　年　前　春節　怎麼　過,o
開刀妹搭高鐵怨無人讓座 潔哥怒嗆：又不是妳肚裡的蛔蟲,開刀　妹搭　高鐵　怨　無　人　讓座　潔哥怒嗆　：　又　不　是　妳　肚　裡　的　蛔蟲,o
旅客背裝支架怨無人讓座 高鐵：可主動要求協助,旅客　背裝　支架　怨　無　人　讓座　高鐵　：　可　主動　要求　協助,o
旅客背裝支架怨無人讓座 高鐵：可主動要求協助,旅客　背裝　支架　怨　無　人　讓座　高鐵　：　可　主動　要求　協助,o
搭高鐵台中到桃園無人讓座 支架女：善良人出張嘴而已,搭　高鐵　台中　到　桃園　無　人　讓座　支架女　：　善良　人　出　張嘴　而已,o
正妹抱怨開刀完沒人讓座 高鐵回應了,正妹　抱怨　開刀　完　沒　人　讓座　高鐵　回應　了,o
鋼釘女搭高鐵無人讓座　這一幕令網友震撼,鋼釘　女搭　高鐵　無　人　讓座　這　一　幕　令　網友　震撼,o
正妹抱怨開刀完沒人讓座 高鐵回應了,正妹　抱怨　開刀　完　沒　人　讓座　高鐵　回應　了,o
高鐵員工遭脫序旅客暴力相向 高鐵：已逐案調查,高鐵　員工　遭　脫序　旅客　暴力　相　向　高鐵　：　已　逐　案　調查,o
旅客對員工拳頭毆打、反折手指骨折　高鐵：譴責暴力,旅客　對　員工　拳頭　毆打　、　反折　手指　骨折　高鐵　：　譴責　暴力,o
女高鐵自由座「人肉佔位」還裝睡：等下有朋友來,女　高鐵　自由　座　「　人肉　佔位　」　還　裝睡　：　等　下　有　朋友　來,o
加強春節疏運高鐵加開3班列車,加強　春節　疏運　高鐵　加開　3　班　列車,t
高鐵員工遭旅客暴力攻擊　去年至少15起,高鐵　員工　遭　旅客　暴力　攻擊　去年　至少　15　起,o
蘇揆訪視高鐵春節疏運期許帶動台灣運輸水準,蘇揆　訪視　高鐵　春節　疏運　期許　帶動　台灣　運輸　水準,o
228疏運高鐵加開177列車 後天凌晨起開搶,228　疏運　高鐵　加開　177　列車　後天　凌晨　起　開　搶,t
228疏運高鐵加開177列車 後天凌晨起開搶,228　疏運　高鐵　加開　177　列車　後天　凌晨　起　開　搶,t
春節連續假期 機場捷運每天加開10班次,春節　連續　假期　機場捷運　每天　加開　10　班次,t
台灣高鐵新一代回數票 更多選擇最低八二折,台灣高鐵　新一代　回　數　票　更　多　選擇　最　低　八二　折,e
高鐵推出自由座回數票 優惠下殺82折,高鐵　推出　自由　座回　數　票　優惠　下　殺　82　折,e
高鐵推新一代自由座回數票 最低下殺82折,高鐵　推　新一代　自由　座回　數　票　最　低下　殺　82　折,e
高鐵新回數票3／15開賣 最多省2600元,高鐵　新回　數　票　3／15　開賣　最多　省　2600　元,e
高鐵推新版自由座回數票　優惠更多、效期更長,高鐵　推　新版　自由　座回　數　票　優惠　更多　、　效期　更　長,e
高鐵推新一代回數票折扣加大優惠期拉長,高鐵　推　新一代　回　數　票　折扣　加大　優惠　期　拉長,e
立委、社工實協牽線 高鐵助27弱勢童拓視野,立委　、　社工　實協　牽線　高鐵　助　27　弱勢　童拓　視野,o
捷運實測陌生人靠肩睡　下秒清空座椅超噴飯,捷運　實　測　陌生人　靠　肩　睡下　秒　清空　座椅　超　噴飯,o
立委、社工實協牽線 高鐵助27弱勢童拓視野,立委　、　社工　實協　牽線　高鐵　助　27　弱勢　童拓　視野,o
賴正鎰：科技新貴偏愛台74沿線購屋 交通便利首要考量,賴正鎰　：　科技　新貴　偏愛　台　74　沿線　購屋　交通　便利　首要　考量,o
不要臉無敵！中年男闖高鐵商務艙　趕不走又不補票,不要臉　無敵　！　中年　男　闖　高鐵　商務艙　趕　不　走　又　不　補　票,o
紐約客列14點理由 大讚北捷世界第一,紐約客　列　14　點　理由　大讚北捷　世界　第一,o
北捷新任董座李文宗　竟是柯Ｐ高中同學,北捷　新任　董座　李文　宗　竟是　柯　Ｐ　高中　同學,o
【捷運出口】退休老師轉行街頭藝人　10年走唱人生一圓歌星夢,【　捷運　出口　】　退休　老師　轉行　街頭　藝人　10　年　走唱　人生　一　圓　歌星　夢,o
春節疏運  高鐵共加開482班次,春節　疏運　高鐵　共　加開　482　班次,t
桃捷與日本阪神電氣鐵道　雙方簽合作意向書,桃捷　與　日本　阪神　電氣　鐵道　雙方　簽　合作　意向書,o
桃捷攜手阪神電鐵棒球與軌道促進台日交流,桃捷　攜手　阪神　電鐵　棒球　與　軌道　促進　台日　交流,o
春節疏運  高鐵共加開482班次,春節　疏運　高鐵　共　加開　482　班次,t
高鐵延伸屏東案林佳龍上任後首件前瞻軌道審查,高鐵　延伸　屏東　案林　佳龍　上任　後　首　件　前瞻　軌道　審查,o
車票「Car 5」變「5 Car」搞混外國人 教授批高鐵遲鈍,車票　「　Car　5　」　變　「　5　Car　」　搞混　外國人　教授　批　高鐵　遲鈍,o
大學生注意！高鐵加開14班開學返校5折列車,大學生　注意　！　高鐵　加開　14　班　開學　返校　5　折　列車,e
嘉縣「高鐵至鹽水」公車1元銅板價優惠延至6月底,嘉縣　「　高鐵　至　鹽水　」　公車　1　元　銅板價　優惠　延至　6月　底,e
張啟元為駭高鐵道歉　臉書長文倡白帽駭客漏洞平台,張啟元　為　駭　高鐵　道歉　臉書　長文倡　白帽　駭客　漏洞　平台,o
還是喜歡睡台中　新交長林佳龍今搭高鐵上班,還是　喜歡　睡　台中　新交　長林　佳龍　今搭　高鐵　上班,o
機場捷運募新血最高起薪59K 錄取率僅2.92%,機場捷運　募　新血　最　高　起　薪　59　K　錄取率　僅　2.92　%,o
網友公推北捷該廢掉的站是它 原因竟是妨礙交通,網友　公推　北捷　該　廢掉　的　站　是　它　原因　竟是　妨礙　交通,o
一出高鐵就看到「這堆人」 連勝文大驚：高雄真的改變了,一　出　高鐵　就　看到　「　這　堆　人　」　連勝　文大　驚　：　高雄　真的　改變　了,o
阻駭客入侵購票系統高鐵將追訴民事刑事責任,阻　駭客　入侵　購票　系統　高鐵　將　追訴　民事　刑事　責任,o
同樣在捷運上補眠 為何上班前睡比下班後睡更好?,同樣　在　捷運　上　補眠　為何　上班　前　睡　比　下班　後　睡　更　好　?,o
北捷運量及營運可靠度　雙雙創新高紀錄,北捷　運量　及　營運　可靠度　雙雙　創新高　紀錄,o
下班在公車捷運上睡覺有害無益 專家曝原因,下班　在　公車　捷運　上　睡覺　有害　無益　專家　曝　原因,o
台灣高鐵技術服務經驗輸出美國印度微露曙光,台灣高鐵　技術　服務　經驗　輸出　美國　印度　微　露曙光,o
山豬闖入高鐵真稀奇　學者：豬腳短、喜歡好走的路,山豬　闖入　高鐵　真　稀奇　學者　：　豬腳　短　、　喜歡　好　走　的　路,o
搭車最討厭遇上背包族 竟是這原因,搭　車　最　討厭　遇上　背包族　竟是　這　原因,o
大陸時速350公里超長版復興號 5日在京滬高鐵亮相,大陸　時速　350　公里　超　長　版　復興號　5日　在　京滬　高鐵　亮相,o
血庫拉警報！A、O型血液缺最大,血庫　拉　警報　！　A　、　O　型　血液　缺　最　大,o
春節疏運 高鐵加開465班次載客,春節　疏運　高鐵　加開　465　班次　載客,t
春節高鐵疏運 早鳥優惠明天開搶,春節　高鐵　疏運　早鳥　優惠　明天　開　搶,e
6月孕婦搭捷運怨「沒人讓座」　網友都說：需要請講,6月　孕婦　搭　捷運　怨　「　沒　人　讓座　」　網友　都　說　：　需要　請講,o
緩解今日北上人潮　高鐵公司加2班車,緩解　今日　北上　人潮　高鐵　公司　加　2　班車,t
紓解元旦收假人潮高鐵增2班北上加班車,紓解　元旦　收假　人潮　高鐵　增　2　班　北上　加班車,t
擠不上捷運「毋免驚」！16家百貨餐廳延長時間陪你續攤,擠　不　上　捷運　「　毋　免　驚　」　！　16　家　百貨　餐廳　延長　時間　陪　你　續　攤,o
北上旅客眾多 高鐵今加開2班次疏運,北上　旅客　眾多　高鐵　今　加開　2　班次　疏運,t
趕跨年旅客爆搭車潮　高鐵今加開2北上班次,趕　跨年　旅客　爆　搭　車潮　高鐵　今　加開　2　北上　班次,t
連假旅客多高鐵增2班北上加班車,連假　旅客　多　高鐵　增　2　班　北上　加班車,t
跨年夜呼吸指南：別忘口罩，搭捷運比走路還健康,跨　年夜　呼吸　指南　：　別　忘　口罩　，　搭　捷運　比　走路　還　健康,o
最美風景！外國女搭高鐵昏倒　3醫護等乘客合力協助,最　美　風景　！　外國　女搭　高鐵　昏倒　3　醫護　等　乘客　合力　協助,o
上班尖峰列車出狀況　北捷：車門無法關閉所致,上班　尖峰　列車　出　狀況　北捷　：　車門　無法　關閉　所　致,s
苗栗高鐵快捷公車不停駛 立委籲盡速打造一日生活圈,苗栗　高鐵　快捷　公車　不　停駛　立委　籲　盡　速　打造　一　日　生活圈,o
台鐵-機捷連通電動步道今啟用 行李不再推拖拉,台鐵　-　機捷　連通　電動　步道　今　啟用　行李　不再　推拖　拉,s
嚇到！南韓人搭過忘不了 台灣捷運4點很厲害,嚇到　！　南韓人　搭　過　忘不了　台灣　捷運　4　點　很　厲害,o
高雄捷運延伸線二階段交通部正安排審查會議,高雄　捷運　延伸線　二　階段　交通部　正　安排　審查　會議,o
下一班自由座哪排隊？台灣高鐵新一代電子看板一目瞭然,下　一　班　自由座　哪　排隊　？　台灣高鐵　新一代　電子　看板　一目瞭然,o
228疏運高鐵再開6班車 16日凌晨開始搶票,228　疏運　高鐵　再　開　6　班車　16日　凌晨　開始　搶　票,t
傳北捷乘客攜爆裂物在新埔站遭逮　北捷：是雙節棍啦、沒逮人,傳　北捷　乘客　攜　爆裂物　在　新埔　站　遭　逮　北捷　：　是　雙節棍　啦　、　沒　逮　人,o
高鐵桃苗南接駁公車  確定繼續營運,高鐵　桃苗　南　接駁　公車　確定　繼續　營運,o
高鐵桃苗南接駁公車  確定繼續營運,高鐵　桃苗　南　接駁　公車　確定　繼續　營運,o
初一機捷出狀況！發車間距拉長30分鐘　A1站暫停預辦登機,初一　機捷　出　狀況　！　發車　間距　拉長　30　分鐘　A　1　站　暫停　預　辦　登機,t
歡迎外漂遊子返鄉　高鐵雲林站加開免費接駁公車,歡迎　外　漂遊　子　返鄉　高鐵　雲林　站　加開　免費　接駁　公車,o
春節返鄉買不到票有福了 高鐵今、明加開南下班次,春節　返鄉　買不到　票　有　福　了　高鐵　今　、　明　加開　南下　班次,t
迎接金豬年 高雄大學與高捷合作揮毫贈春聯,迎接　金　豬年　高雄　大學　與　高捷　合作　揮毫　贈　春聯,e
林佳龍圓了阿公希望　5天促成高鐵雲林站客運,林　佳龍　圓　了　阿公　希望　5　天　促成　高鐵　雲林站　客運,o
迎接金豬年 高雄大學與高捷合作揮毫贈春聯,迎接　金　豬年　高雄　大學　與　高捷　合作　揮毫　贈　春聯,e
高鐵新竹站飄西域味　古老樂器「箜篌」快閃演出,高鐵　新竹　站飄　西域味　古老　樂器　「　箜篌　」　快　閃　演出,e
原聲童聲合唱團快閃演出 歌聲縈繞高鐵站,原聲　童聲　合唱團　快　閃　演出　歌聲　縈繞　高鐵　站,e
228連假高鐵車票 本周四開賣,228　連假　高鐵　車票　本　周　四　開賣,e
高鐵二二八連假加開177班次31日開放訂票,高鐵　二二八　連假　加開　177　班　次31日　開放　訂　票,t
新年平安籤隨身帶 北捷與龍山寺推「樂吉籤」票卡,新年　平安　籤　隨身　帶　北捷　與　龍山寺　推　「　樂吉籤　」　票卡,e
桃園捷運備戰春節疏運 兩階段延長營運時間,桃園　捷運　備戰　春節　疏運　兩　階段　延長　營運　時間,t
高鐵新回數票3／15開賣 最多省2600元,高鐵　新回　數　票　3／15　開賣　最多　省　2600　元,e
影／列車一掃有驚喜 全台12個高鐵站體驗AR互動劇,影　／　列車　一　掃　有　驚喜　全台　12　個　高鐵　站　體驗　AR　互動劇,o
台灣高鐵ARt邁向藝術「心」旅程,台灣高鐵　ARt　邁向　藝術　「　心　」　旅程,o
擴增實境結合藝術國藝會與台灣高鐵 聯手啟動心旅程,擴增實境　結合　藝術　國　藝　會　與　台灣高鐵　聯手　啟動　心　旅程,o
搭高鐵不無聊　處處都有AR大玩虛擬世界,搭　高鐵　不　無聊　處處　都　有　AR　大　玩　虛擬　世界,o
台灣高鐵ARt邁向藝術「心」旅程,台灣高鐵　ARt　邁向　藝術　「　心　」　旅程,o
擴增實境結合藝術國藝會與台灣高鐵 聯手啟動心旅程,擴增實境　結合　藝術　國　藝　會　與　台灣高鐵　聯手　啟動　心　旅程,o
豬年生肖紀念車票 北捷兩站周六起限量販售,豬年　生肖　紀念　車票　北捷　兩　站　周六　起　限量　販售,e
無人化商機 松機捷運連通道開自助咖啡廳,無　人　化　商機　松機　捷運　連　通道　開　自助　咖啡廳,o
無人化商機松機捷運連通道開自助咖啡廳,無　人　化　商機　松機　捷運　連　通道　開　自助　咖啡廳,o
北捷部分列車博愛座加裝扶手,北捷　部分　列車　博愛座　加裝　扶手,o
沙崙科學城聯外道路 春節後動工,沙崙　科學城　聯外　道路　春節　後　動工,o
北捷部分車廂博愛座加裝扶手 今起試辦半年,北捷　部分　車廂　博愛座　加裝　扶手　今　起　試辦　半　年,o
台灣高鐵大專生5折優惠 周六凌晨開放搶票,台灣高鐵　大專生　5　折　優惠　周六　凌晨　開放　搶　票,e
高鐵加開大學生返校5折列車19日開放訂票,高鐵　加開　大學生　返校　5　折　列車　19日　開放　訂　票,e
去年12月高鐵運量達587萬人次 創通車以來單月史上最高,去年　12月　高鐵　運量　達　587萬　人次　創　通車　以來　單月　史上　最　高,o
台灣高鐵春節疏運再加開17班次 1月18日凌晨開放購票,台灣高鐵　春節　疏運　再　加開　17　班次　1月　18日　凌晨　開放　購票,t
台灣高鐵春節疏運加班車第二波 周五凌晨搶票,台灣高鐵　春節　疏運　加班車　第二　波　周　五　凌晨　搶　票,t
春節一票難求　高鐵再加17班加班車周五開搶,春節　一　票　難　求　高鐵　再　加　17　班　加班　車周　五　開　搶,t
高鐵春節再加開17班18日開放訂票,高鐵　春節　再　加開　17　班　18日　開放　訂　票,t
張啟元上網買高鐵票竄改退款金額　高鐵靠檢核機制發現,張啟元　上網　買高　鐵票　竄改　退款　金額　高鐵　靠　檢核　機制　發現,o
高鐵雲林站聯外道指標不足 縣長張麗善要求增設,高鐵　雲林站　聯外　道　指標　不足　縣長　張麗善　要求　增設,o
北捷車站命名新規今拍板 萬大線爭議站有望更名,北捷　車站　命名　新規今　拍板　萬大　線　爭議　站　有望　更名,o
韓國瑜拚經濟要延伸捷運紅線　環評遭質疑效益低,韓國　瑜　拚　經濟　要　延伸　捷運　紅線環評　遭　質疑　效益　低,o
北捷列車疑車門卡住急停　搭車人潮塞爆多個捷運站,北捷　列車　疑　車門　卡住　急停　搭　車　人潮　塞爆　多　個　捷運站,s
高鐵首創導入AI結合行動裝置 未來將可語音訂票,高鐵　首創　導入　AI　結合　行動裝置　未來　將　可　語音　訂　票,o
北捷板南線塞爆！網友傻眼：要放連假了嗎？,北捷板南線塞爆　！　網友　傻眼　：　要　放　連假　了　嗎　？,o
加速進站！北捷推出團體IC票卡,加速　進站　！　北捷　推出　團體　IC　票卡,e
高鐵春節加開465班列車 今天凌晨起開放購票,高鐵　春節　加開　465　班　列車　今天　凌晨　起　開放　購票,t
春節車票4分鐘狂賣4.1萬張 高鐵：系統處理順暢,春節　車票　4　分鐘　狂賣　4.1　萬　張　高鐵　：　系統　處理　順暢,e
線上搶高鐵春節車票「炸了」 　4分鐘內狂賣4.1萬張,線　上　搶　高鐵　春節　車票　「　炸　了　」　4　分鐘　內　狂賣　4.1　萬　張,e
捷運局拍板民生汐止線經民生社區 最快2030年完工,捷運局　拍板　民生　汐止線　經　民生　社區　最　快　2030年　完工,o
最時髦台茶沙龍 「永心鳳茶」開進捷運中山站,最　時髦　台　茶　沙龍　「　永心鳳　茶　」　開進　捷運　中山　站,o
高鐵2019春節疏運加開465班次4日凌晨開放購票,高鐵　2019　春節　疏運　加開　465　班　次4日　凌晨　開放　購票,t
高鐵2019春節加開465班次列車 4日凌晨開賣,高鐵　2019　春節　加開　465　班次　列車　4日　凌晨　開賣,t
春節疏運高鐵加開465班次列車 周五凌晨搶票,春節　疏運　高鐵　加開　465　班次　列車　周五　凌晨　搶　票,t
高鐵春節加開465班加班車　1月4日凌晨開搶,高鐵　春節　加開　465　班　加班車　1月　4日　凌晨　開　搶,t
高鐵春節車票4日開訂,高鐵　春節　車票　4日　開訂,e
高鐵春節疏運加開465班車 後天凌晨零時起開始搶票,高鐵　春節　疏運　加開　465　班車　後天　凌晨　零時　起　開始　搶　票,t
北捷24小時疏運人潮「潮天團」秀舞蹈陪民眾跨年,北捷　24　小時　疏運　人潮　「　潮天團　」　秀　舞蹈　陪　民眾　跨年,o
協助疏散跨年人潮 移工首度參與北捷外語志工,協助　疏散　跨年　人潮　移工　首度　參與　北捷　外語　志工,o
高鐵加開2北上班次 高公局估下午起車流將增多,高鐵　加開　2　北上　班次　高公局　估　下午　起　車流　將　增多,t
東南亞移工首次參與捷運跨年疏散志工,東南亞　移工　首　次　參與　捷運　跨年　疏散　志工,o
動物入侵高鐵被撞死！駕駛下車查看竟是牠,動物　入侵　高鐵　被　撞死　！　駕駛　下車　查看　竟是　牠,o
新竹─苗栗高鐵路段晚間疑有異物侵入 北上列車延誤,新竹　─　苗栗　高鐵　路段　晚間　疑　有　異物　侵入　北上　列車　延誤,t
高鐵飯店聯票可搭觀光局國旅補助 坐車、住宿雙重優惠,高鐵　飯店　聯票　可　搭　觀光局　國旅　補助　坐車　、　住宿　雙重　優惠,e
打造豪宅別墅品牌，磐興「在家藏公園」熱銷,打造　豪宅　別墅　品牌　，　磐興　「　在　家　藏　公園　」　熱銷,o
輕軌爭議路段停工高市爭取捷運黃線117年通車,輕　軌　爭議　路段　停工　高市　爭取　捷運　黃線　117　年　通車,t
淡海輕軌今起試營運 轉乘北捷紅樹林需出站,淡海　輕　軌　今　起　試營運　轉乘　北捷　紅樹林　需　出站,t
淡海輕軌遭爆履勘關ATP　新北捷運公司否認,淡海　輕　軌　遭　爆履勘關　ATP　新　北　捷運　公司　否認,o
淡海輕軌遭爆履勘關ATP 新北捷運：不實惡質爆料,淡海　輕　軌　遭　爆履勘關　ATP　新　北　捷運　：　不實　惡質　爆料,o
台北捷運跨年連續42小時不收班 陪大家迎接2019,台北　捷運　跨年　連續　42　小時　不　收　班　陪　大家　迎接　2019,t
南北輕軌角色不同定位較低運量捷運,南北　輕　軌　角色　不同　定位　較　低　運量　捷運,t
捷運環狀線第一階段將完工  新店、新莊通勤可省20分鐘,捷運　環狀線　第一　階段　將　完工　新店　、　新莊　通勤　可　省　20　分鐘,t
中市北屯軌道利多 「聚富好好」捷運宅受惠,中市　北屯　軌道　利多　「　聚富　好好　」　捷運　宅　受惠,e
男子搭北捷亮刀旅客驚恐　北捷：遭警逮捕未影響營運,男子　搭　北捷　亮刀　旅客　驚恐　北捷　：　遭　警　逮捕　未　影響　營運,o
高鐵拚觀光 「高鐵＋高雄好玩卡」聯票改版,高鐵　拚　觀光　「　高鐵　＋　高雄　好玩卡　」　聯票　改版,e
跟上韓流！高鐵「高雄好玩卡」改版 現買現省1398元,跟上　韓流　！　高鐵　「　高雄　好玩卡　」　改版　現　買　現　省　1398　元,e
旅行社可直接透過 Amadeus 銷售平台 訂購大陸高鐵車票,旅行社　可　直接　透過　Amadeus　銷售　平台　訂購　大陸　高鐵　車票,e
高屏空品測站一片紅海 高雄市民驚覺：高捷優惠沒了,高屏空品測站　一　片　紅海　高雄　市民　驚覺　：　高捷　優惠　沒　了,e
台灣好行攜手高鐵 推阿里山線旅遊交通優惠,台灣　好　行　攜手　高鐵　推　阿里山線　旅遊　交通　優惠,e
2018倒數 機捷首度跨年夜班車41小時不打烊,2018　倒數　機捷　首度　跨年　夜班車　41　小時　不　打烊,t
協助疏運 台灣高鐵今晚加開一班北上列車,協助　疏運　台灣高鐵　今晚　加開　一　班　北上　列車,t
元旦購票踴躍！ 高鐵今宣布加開6班次疏運,元旦　購票　踴躍　！　高鐵　今　宣布　加開　6　班次　疏運,t
元旦疏運這3天班次快滿　高鐵加開第2波6班加班車,元旦　疏運　這　3　天　班次　快　滿　高鐵　加開　第2　波　6　班　加班車,t
台灣高鐵本周末開3加班車 周三凌晨訂票,台灣高鐵　本　周　末　開　3　加班車　周三　凌晨　訂　票,t
疏散假日北上人潮 高鐵今晚加開一班次,疏散　假日　北上　人潮　高鐵　今晚　加開　一　班次,t
高鐵員工不滿加班費算法　明年春節不想上班,高鐵　員工　不滿　加班費　算法　明年　春節　不　想　上班,o
台中高鐵特區生活圈 新建案1字頭房價熱銷,台中　高鐵　特區　生活圈　新建　案1字頭　房價　熱銷,o
G4雙捷好市多商圈房市熱 「漢宇原境」開紅盤,G　4　雙　捷　好　市　多　商圈　房市　熱　「　漢宇原境　」　開紅盤,o
2018臺北馬拉松 北捷9日清晨5點20分發首班車,2018　臺北　馬拉松　北捷　9日　清晨　5點20　分發　首　班車,t
高鐵網路訂票即日起新增「台灣Pay」付款功能,高鐵　網路　訂　票　即日　起　新增　「　台灣　Pay　」　付款　功能,e
高鐵除毛挨轟後再po緊縛照　辣模：只是想分享快樂,高鐵　除　毛挨轟　後　再　po　緊縛　照　辣模　：　只是　想　分享　快樂,o
桃園身障者參訪台中花博 桃園高鐵贈票,桃園　身障者　參訪　台中　花博　桃園　高鐵　贈　票,e
高鐵網路訂票新增台灣Pay金融卡支付,高鐵　網路　訂　票　新增　台灣　Pay　金融卡　支付,e
快下載機捷購票APP 這周桃機到台北只要99元！,快　下載　機捷　購票　APP　這　周　桃機　到　台北　只要　99　元　！,e
疏運北上旅客 高鐵今晚加開1班次,疏運　北上　旅客　高鐵　今晚　加開　1　班次,t
網紅辛尤里秀高鐵除毛自拍　粉絲看完全暴動了,網紅辛尤里秀　高鐵　除　毛　自拍　粉絲　看　完全　暴動　了,o
接高雄市副市長有影！葉匡時餐會鬆口 與台北道別,接　高雄市　副市長　有　影　！　葉匡　時　餐會　鬆口　與　台北　道別,o
忌妒！高鐵前三季大賺56億元　員工全面加薪3.5%,忌妒　！　高鐵　前　三　季　大賺　56億　元　員工　全面　加薪　3.5　%,o
台灣高鐵108年平均調薪3.5%提前2個月實施,台灣高鐵　108　年　平均　調薪　3.5　%　提前　2　個　月　實施,o
高鐵明年平均加薪3.5％ 11月提前實施,高鐵　明年　平均　加薪　3.5％　11月　提前　實施,o
桃園捷運推行動支付 12月首周購票打66折,桃園　捷運　推　行動支付　12月　首周　購票　打　66　折,e
提高麗菜搭捷運丟臉？　網友羨慕：想阿嬤了,提　高麗菜　搭　捷運　丟臉　？　網友　羨慕　：　想　阿嬤　了,o
淡海輕軌志工授旗　舞棍阿伯熱舞加持,淡海　輕　軌　志工　授旗　舞棍　阿伯　熱舞　加持,o
建商推「首購產品配備豪宅化」提高CP值搶客,建商　推　「　首　購　產品　配備　豪宅　化　」　提高　CP　值　搶　客,o
淡海輕軌預計年底通車 基本票價20元,淡海　輕　軌　預計　年底　通車　基本　票價　20　元,e
節能運轉 高鐵每年可節省7500戶家庭一整年用電,節能　運轉　高鐵　每　年　可　節省　7500　戶　家庭　一　整　年　用　電,o
北捷環狀線第一階段營運　擴大徵才最高月薪5萬6,北捷　環狀線　第一　階段　營運　擴大　徵才　最　高　月薪　5萬6,o
高鐵車票首度改版 新版磁票乘車資訊更清晰,高鐵　車票　首度　改版　新版　磁票　乘車　資訊　更　清晰,e
首度改版！高鐵橘色車票走入歷史 白色車票字更大,首度　改版　！　高鐵　橘色　車票　走入　歷史　白色　車票　字　更　大,e
橘色票面走入歷史　高鐵車票首度改版變白色,橘色　票面　走入　歷史　高鐵　車票　首度　改版　變　白色,e
高鐵車票首度改版字體放大底色橘改白,高鐵　車票　首度　改版　字體　放大　底色　橘改　白,e
只求來得及！投票日中午以前高鐵座位票賣光,只　求　來得及　！　投票日　中午　以前　高鐵　座位票　賣光,e
高鐵今年前3季賺57億元明年才調薪　本月提前實施遭批「未來薪」,高鐵　今年　前3季　賺　57億　元　明年　才　調薪　本　月　提前　實施　遭　批　「　未來　薪　」,o
疏運北上人潮 高鐵晚間加開台南發車列車,疏運　北上　人潮　高鐵　晚間　加開　台南　發車　列車,t
周日北上人潮多　高鐵晚間加開北上1班次,周日　北上　人潮　多　高鐵　晚間　加開　北上　1　班次,t
疏運北上人潮高鐵晚間加開台南發車列車,疏運　北上　人潮　高鐵　晚間　加開　台南　發車　列車,t
高鐵工程車故障21班次延誤 乘客：走走停停好可怕,高鐵　工程車　故障　21　班次　延誤　乘客　：　走走　停停　好　可怕,t
高鐵工程車故障 桃園至新竹部份車次延誤,高鐵　工程車　故障　桃園　至　新竹　部份　車次　延誤,t
高鐵工程車桃園往新竹間故障 列車延誤,高鐵　工程車　桃園　往　新竹　間　故障　列車　延誤,t
工程車故障卡路線擋路　高鐵列車延誤,工程車　故障卡　路線　擋路　高鐵　列車　延誤,t
高鐵工程車故障延誤21班次,高鐵　工程車　故障　延誤　21　班次,t
高鐵工程車故障8時2分恢復正常營運,高鐵　工程車　故障　8時　2　分　恢復　正常　營運,t
捷運永春、後山埤站大改造　化身打卡熱點,捷運　永春　、　後山　埤站大　改造　化身　打卡　熱點,s
台中捷運藍線特色車站 草悟道繁榮新地標,台中　捷運　藍線　特色　車站草　悟道　繁榮　新　地標,s
「韓」流吞噬岡山 當地民眾感嘆：高雄捷運終於有人搭了,「　韓　」　流　吞噬　岡山　當地　民眾　感嘆　：　高雄　捷運　終於　有　人　搭　了,o
選前最後週日高鐵加開班車,選　前　最後　週日　高鐵　加開　班車,t
首創行進機捷上演出沉浸式戲劇 門票秒殺,首創　行進　機捷　上　演出　沉浸式　戲劇　門票　秒　殺,e
地牛翻身　台鐵列車嘉義慢行、高鐵一度停車,地牛　翻身　台鐵　列車　嘉義　慢　行　、　高鐵　一　度　停車,t
嘉義地牛翻身高鐵停車台鐵慢行部分延誤,嘉義　地　牛　翻身　高鐵　停車　台鐵　慢　行　部分　延誤,t
不怕高雄老又窮　外國客到衛武營搭高鐵買1送1,不　怕　高雄　老　又　窮　外國客　到　衛武營　搭　高鐵　買　1　送　1,e
疏運南下人潮高鐵加開全車自由座列車,疏運　南下　人潮　高鐵　加開　全　車　自由座　列車,t
高鐵2019年桌曆水雉等12種台灣鳥類當主角,高鐵　2019年　桌曆　水雉　等　12　種　台灣　鳥類　當　主角,o
蕭美琴促比照高鐵 台鐵北迴線網路訊號不再卡,蕭美琴促　比照　高鐵　台鐵　北迴線　網路　訊號　不再　卡,o
蕭美琴促比照高鐵台鐵北迴線網路訊號不再卡,蕭美琴促　比照　高鐵　台鐵　北迴線　網路　訊號　不再　卡,o
開擴音又大聲喧嘩　大媽搭高鐵講電話好惱人,開　擴音　又　大聲　喧嘩　大媽　搭　高鐵　講　電話　好　惱人,o
疏運北返人潮　高鐵今加開2班次北上全車自由座,疏運　北　返　人潮　高鐵　今　加開　2　班次　北上　全　車　自由座,t
周末湧南下人潮　高鐵今晚加開全車自由座列車,周末湧　南下　人潮　高鐵　今晚　加開　全　車　自由座　列車,t
「熟年優惠」是假訊息！高鐵4度澄清：5年前就停了,「　熟年　優惠　」　是　假　訊息　！　高鐵　4　度　澄清　：　5　年　前　就　停　了,o
他抱怨被捷運拒載 照片曝光網友嚇到閃尿：沒載你真好,他　抱怨　被　捷運　拒載　照片　曝光　網友　嚇到　閃尿　：　沒　載　你　真　好,o
捷運新莊機廠暴增28億預算 童仲彥批工程巨獸橫行,捷運　新莊　機廠　暴增　28億　預算　童仲彥　批　工程　巨獸　橫行,o
當不成火車司機　他卻成了高鐵模型醫生,當　不成　火車　司機　他　卻　成　了　高鐵　模型　醫生,o
【鋼筋打賴香伶】李明彥因北捷派遣工逞凶　勞動局：該案沒問題,【　鋼筋　打　賴香伶　】　李明彥　因　北捷　派遣工　逞凶　勞動　局　：　該　案　沒　問題,o
「共體時艱」台灣高鐵票價　今年不漲了,「　共體時艱　」　台灣高鐵　票價　今年　不　漲　了,e
高鐵選舉疏運 4天加開58班次列車,高鐵　選舉　疏運　4　天　加開　58　班次　列車,t
老伯高鐵坐錯車被規勸 竟烙日語罵正妹列車長「巴嘎壓路」,老伯　高鐵　坐　錯車　被　規勸　竟　烙　日語　罵　正妹　列車長　「　巴嘎　壓　路　」,o
賴揆暗示高鐵南延會有好消息 交長：希望有好結果,賴揆　暗示　高鐵　南　延會　有　好消息　交長　：　希望　有　好　結果,o
因應捷運通車轉乘需求　烏日增設兩處iBike站,因應　捷運　通車　轉乘　需求　烏日　增設　兩　處　iBike　站,s
賴揆暗示通過高鐵南延屏東案　交長：尊重審查機制,賴揆　暗示　通過　高鐵　南延　屏東案　交　長　：　尊重　審查　機制,o
彰化各地插旗「捷運到ＯＯ」　在地人：路填平再來唬爛,彰化　各　地　插旗　「　捷運　到　ＯＯ　」　在地人　：　路　填平　再　來　唬爛,o
機捷A7站專管水資源回收中心 充分利用,機捷　A　7　站　專　管　水資源　回收　中心　充分　利用,s
捷運利多！去年全台建物交易面積前十大 中市占兩區,捷運　利多　！　去年　全台　建物　交易　面積　前　十　大　中市　占　兩　區,o
高鐵一日生活圈 烏日特區周邊建案吸引外地客,高鐵　一　日　生活圈　烏日　特區　周邊　建　案　吸引　外地客,o
本月50場剪綵又被酸　柯P拖朱立倫下水：一條捷運剪三次,本　月　50　場　剪綵　又　被　酸柯　P　拖朱立倫　下水　：　一　條　捷運　剪　三　次,o
東南亞移工首次參與捷運跨年疏散志工,東南亞　移工　首　次　參與　捷運　跨年　疏散　志工,o
【獨家】高鐵營運首見　山豬家族闖入軌道遭撞死！,【　獨家　】　高鐵　營運　首見　山豬　家族　闖入　軌道　遭　撞死　！,o
2019台南跨年晚會交通管制疏導出爐,2019　台南　跨年　晚會　交通　管制　疏導　出爐,o
高鐵新竹至苗栗路段疑似異物入侵　1324列車停車檢查,高鐵　新竹　至　苗栗　路段　疑似　異物　入侵　1324　列車　停車　檢查,t
【桃園跨年預告】青埔高鐵站前登場　謝金燕火熱開場,【　桃園　跨年　預告　】　青埔　高鐵　站　前　登場　謝金燕　火熱　開場,e
松山長榮地勤染麻疹 可傳染期曾到機場搭捷運,松山　長榮　地勤　染　麻疹　可　傳染期　曾　到　機場　搭　捷運,o
松山長榮地勤染麻疹可傳染期曾到機場搭捷運,松山　長榮　地勤　染　麻疹　可　傳染期　曾　到　機場　搭　捷運,o
乘客爛醉到把高鐵當廁所？車廂地板竟全是尿,乘客　爛醉　到　把　高鐵　當　廁所　？　車廂　地板　竟　全　是　尿,o
高鐵傳愛10年邀旅客獻愛心助弱勢童學習,高鐵　傳　愛　10　年　邀　旅客　獻　愛心　助　弱勢　童　學習,e
高鐵助學計畫邁第10年 邀旅客加入關懷,高鐵　助學　計畫　邁　第10　年　邀　旅客　加入　關懷,e
高鐵攜手快樂學習協會 啟動2019助學計畫,高鐵　攜手　快樂　學習　協會　啟動　2019　助學　計畫,e
高鐵高速傳愛再啟動助孩子快樂學習,高鐵　高速　傳　愛　再　啟動　助　孩子　快樂　學習,o
高鐵加開20班寒假返鄉列車 明起開賣,高鐵　加開　20　班　寒假　返鄉　列車　明　起　開賣,t
高鐵元旦連假再增6班車 15日開賣,高鐵　元旦　連假　再　增　6　班車　15　日　開賣,t
高鐵元旦連假再增6班車15日開賣,高鐵　元旦　連假　再　增　6　班車　15　日　開賣,t
9米高粉色耶誕樹 點亮高鐵區購物廣場,9　米　高　粉色　耶誕樹　點亮　高鐵區　購物　廣場,o
高鐵元旦假期疏運 加開6班車,高鐵　元旦　假期　疏運　加開　6　班車,t
惡劣！男肢解腳踏車丟捷運軌道 列車行駛輾過車體受損,惡劣　！　男　肢解　腳踏車　丟　捷運　軌道　列車　行駛　輾過　車體　受損,o
男子拿單車殘骸砸北捷軌道　北捷要求償,男子　拿　單車　殘骸　砸　北捷　軌道　北捷　要　求償,o
BTS助攻 機捷寫單日12萬運量新紀錄,BTS　助攻　機捷　寫　單日　12萬　運量　新　紀錄,t
防彈少年團high爆桃園　機捷也爆！單日12萬人次創新高,防彈　少年團　high　爆　桃園　機捷　也　爆　！　單日　12萬　人次　創新高,t
偶像演唱會助攻機捷單日運量破紀錄,偶像　演唱會　助攻　機捷　單日　運量　破紀錄,t
台北馬拉松明晨開跑交管看這裡　北捷5,台北　馬拉松　明晨　開跑　交管　看　這裡　北捷　5,o
高雄哪裡室內空氣最優　夢時代高捷機場站上榜,高雄　哪裡　室　內　空氣　最優　夢時代　高捷　機場　站上　榜,o
北捷環狀線招兵買馬 開缺636人月薪最高5.61萬,北捷　環狀線　招兵買馬　開　缺　636　人　月薪　最　高　5.61　萬,o
北捷將徵才636人　最高月薪56K,北捷　將　徵才　636　人　最　高　月薪　56　K,o
台北捷運公司徵636人薪資3萬3900元起跳,台北　捷運　公司　徵　636　人　薪資　3萬3900　元　起跳,o
高鐵元旦6天疏運加開169班次列車 周六凌晨搶票,高鐵　元旦　6　天　疏運　加開　169　班次　列車　周六　凌晨　搶　票,t
元旦可放4天假　高鐵加開169班次後天開搶,元旦　可　放　4　天　假　高鐵　加開　169　班次　後天　開　搶,t
高鐵元旦疏運加開169班12/1開訂,高鐵　元旦　疏運　加開　169　班　12　/　1　開　訂,t
因應元旦出遊人潮 高鐵加開169列班次,因應　元旦　出遊　人潮　高鐵　加開　169　列　班次,t
高鐵元旦疏運加開169班 周六開放購票,高鐵　元旦　疏運　加開　169　班　周六　開放　購票,t
韓國瑜「高雄負債太高」　捷運延伸屏東可能生變,韓國　瑜　「　高雄　負債　太　高　」　捷運　延伸　屏東　可能　生變,o
駕駛告訴你台灣高鐵不一定開到300公里的原因,駕駛　告訴　你　台灣高鐵　不一定　開　到　300　公里　的　原因,o
返鄉投票人潮擠爆「像過年一樣」　高鐵再加開列車,返鄉　投票　人潮　擠爆　「　像　過年　一樣　」　高鐵　再　加開　列車,t
高鐵假期5大優惠旅展購買贈旅遊書,高鐵　假期　5　大　優惠　旅展　購買　贈　旅遊書,e
【捷運出口】失業失婚罹癌永垂頭　舌癌婦賣水果自力更生,【　捷運　出口　】　失業　失婚罹癌永　垂頭　舌癌　婦　賣　水果　自力更生,o
捷運板南線電軌冒火搶修完畢　列車恢復正常運轉,捷運　板南線電軌　冒火　搶修　完畢　列車　恢復　正常　運轉,t
看好營運獲利穩定　高鐵獲信評評等AA+,看好　營運　獲利　穩定　高鐵　獲　信　評評　等　AA　+,o
引頸期盼高捷岡山路竹延伸線動土,引頸　期盼　高捷　岡山　路竹　延伸線　動土,o
有驚無險　北捷忠孝新生站電梯施工冒火花已撲滅,有驚無險　北捷　忠孝　新生　站　電梯　施工　冒　火花　已　撲滅,s
高鐵捐血傳愛又來了！11/9起各站接力舉辦,高鐵　捐血　傳　愛　又　來　了　！　11　/　9　起　各　站　接力　舉辦,e
高鐵「寒冬送暖 捐血傳愛」 12站巡迴舉辦,高鐵　「　寒冬　送　暖　捐血　傳　愛　」　12　站　巡迴　舉辦,e
台中花博明登場　高鐵推1、2日遊套裝,台中　花博明　登場　高鐵　推1　、　2　日　遊　套裝,e
北捷新莊機場工程經費爆增　捷運局：因要保存樂生療養院,北捷　新莊　機場　工程　經費　爆增　捷運局　：　因　要　保存　樂生　療養院,o
北漂返鄉拚翻盤 選前之夜高鐵票搶光,北漂　返鄉　拚　翻　盤選　前　之　夜　高　鐵票　搶光,e
年底通車營運　淡海輕軌招120名志工,年底　通車　營運　淡海　輕　軌招　120　名　志工,o
捷運出口音樂節今午登場　展現復古音樂浪潮,捷運　出口　音樂節　今午　登場　展現　復古　音樂　浪潮,o
身障協會要高鐵增設輪椅席　3天不改善輪椅淹北車,身障　協會　要　高鐵　增設　輪椅　席　3　天　不　改善　輪椅　淹北　車,o
北捷板南線月台塞爆了！訊號異常 等超久,北捷板南線　月台　塞爆　了　！　訊號　異常　等　超久,s
高鐵網路訂票系統掛25分鐘　民眾跑多家超商無法取票,高鐵　網路　訂　票　系統　掛　25　分鐘　民眾　跑　多　家　超商　無法　取票,e
北捷派遣工好無奈　遭派遣公司亂扣薪,北捷　派遣工　好　無奈　遭　派遣　公司　亂　扣薪,o
【高雄鐵路地下化-5】「怕變成捷運美麗島站」　4大商圈盼打通行人動線,【　高雄　鐵路　地下化　-　5　】　「　怕　變成　捷運　美麗島　站　」　4大　商圈　盼　打通　行人　動線,o
搶花博旅遊商機　旅行社推訂房加購高鐵7.9折,搶　花　博　旅遊　商機　旅行社　推　訂房　加購　高鐵　7.9　折,e
慶祝高雄鐵路地下化 一日券首周30元無限搭,慶祝　高雄　鐵路　地下化　一日券　首　周　30　元　無限　搭,e
原民聯合豐年祭 13、14嗨翻桃園高鐵,原民　聯合　豐年祭　13　、　14　嗨　翻　桃園　高鐵,e
捷運裝電扶梯剪綵被酸剪綵王　柯Ｐ：全案6億元大工程,捷運　裝電　扶梯　剪綵　被　酸　剪綵　王柯　Ｐ　：　全案　6億　元大　工程,s
捷運世貿站多人昏倒　送醫急救,捷運　世貿　站　多　人　昏倒　送醫　急救,s
北捷車站的水族箱不見了　答案讓人很傻眼,北捷　車站　的　水族箱　不見了　答案　讓　人　很　傻眼,s
旅客落軌　高鐵列車一度無法進入桃園站,旅客　落軌　高鐵　列車　一　度　無法　進入　桃園站,t
高鐵春節熱門班次近全滿 　周六開賣加班車次,高鐵　春節　熱門　班次　近全滿　周六　開賣　加班　車次,e
北市先推5幹線公車  比照捷運推轉乘優惠,北市　先　推5　幹線　公車　比照　捷運　推　轉乘　優惠,o
關東煮熱湯流入靴子　高鐵人員這樣急救,關東　煮熱　湯　流入　靴子　高鐵　人員　這樣　急救,s
不再幫忙推輪椅了　北捷說是這個原因,不再　幫忙　推　輪椅　了　北捷　說　是　這　個　原因,s
機場捷運營運許可及通車時間25日公布,機場捷運　營運　許可　及　通車　時間　25日　公布,t
【蘋果實測】機捷試營運首日　台北車站標示鬼打牆,【　蘋果　實　測　】　機捷　試營運　首日　台北　車站　標示　鬼打　牆,s
捷運車廂今抵台中港　綠線預計2020年通車,捷運　車廂　今　抵　台中港　綠線　預計　2020年　通車,t
【好消息】高鐵上網快通了　中華電信宣布最快6月上線,【　好消息　】　高鐵　上網　快　通　了　中華電信　宣布　最　快　6月　上線,o
台南發生規模5.6地震     高鐵：未受影響、正常發車,台南　發生　規模　5.6　地震　高鐵　：　未　受　影響　、　正常　發車,t
月台方向指示用膠帶黏？　高捷：北捷也一樣,月台　方向　指示　用　膠帶　黏　？　高捷　：　北捷　也　一樣,s
北捷站務員退場是假的？　遭轟浪費人力,北捷　站務員　退場　是　假　的　？　遭　轟　浪費　人力,s
北捷台北站傳火警　台鐵：不影響台鐵,北捷　台北站　傳　火警　台鐵　：　不　影響　台鐵,s
高鐵使用多卡通　可望年中前上路,高鐵　使用　多　卡通　可望　年　中　前　上路,e
台北捷運哪站可廢掉？　這站被網友噓爆,台北　捷運　哪　站　可　廢掉　？　這　站　被　網友　噓爆,s
高鐵南延屏東　交長：新闢路線案「還有一點機會」,高鐵　南延　屏東　交長　：　新　闢　路線案　「　還　有　一點　機會　」,t
北捷司機員突昏迷不治　停駛月台營運未受影響,北捷　司機員　突　昏迷　不治　停駛　月台　營運　未　受　影響,t
高鐵南延屏東有譜？　屏縣長：非常樂見,高鐵　南延　屏東　有　譜　？　屏縣　長　：　非常　樂見,t
雙鐵攜手　「人瑞」鐵道救高鐵彰化站,雙鐵　攜手　「　人瑞　」　鐵道　救　高鐵　彰化站,o
高鐵台南高雄站配合演習聯外交通受限,高鐵　台南　高雄　站　配合　演習　聯外　交通　受限,t
高捷現身關西嵐山與京福跨國合作,高捷　現身　關西　嵐山　與　京福　跨國　合作,e
【前瞻計畫】81億基隆捷運　用台鐵舊軌道,【　前瞻計畫　】　81億　基隆　捷運　用　台鐵　舊　軌道,o
淘金新契機！桃捷力邀頭家搶佔機場第一排！,淘金　新　契機　！　桃捷　力邀　頭家　搶佔　機場　第一　排　！,o
高鐵北上首班車擬提前環署初審通過,高鐵　北上　首　班車　擬　提前　環署　初審　通過,t
LINE流傳高鐵10周年送禮券活動　高鐵：假的，勿點選,LINE　流傳　高鐵　10　周年　送　禮券　活動　高鐵　：　假　的　，　勿　點選,e
北捷扶手驚見活蛆蠕動　噁！掉進女客瀏海,北捷　扶手　驚見　活蛆　蠕動　噁　！　掉進　女客　瀏海,s
全國首次高鐵演練地震後橋梁緊急搶修,全國　首　次　高鐵　演練　地震　後　橋梁　緊急　搶修,o
高鐵車廂行李空間小董座：規劃改裝,高鐵　車廂　行李　空間　小　董座　：　規劃　改裝,t
【冷知識】捷運廣播為何不播日韓語？　北捷這麼說,【　冷　知識　】　捷運　廣播　為何　不　播　日韓語　？　北捷　這麼　說,o
旅客抱怨不便台南高鐵站增臨停載客區,旅客　抱怨　不便　台南　高鐵　站增　臨　停　載客區,s
高鐵售票機未出票卻扣款？高鐵這樣說,高鐵　售票機　未　出票　卻　扣款　？　高鐵　這樣　說,e
串連捷運輕軌站高市將推無人自駕上路,串連　捷運　輕　軌站　高市　將　推　無　人　自駕　上路,o
機捷首支VR車頭攝影 新體驗,機捷　首　支　VR　車頭　攝影　新　體驗,o
高鐵桃園站候車旅客落軌  影響千餘名旅客,高鐵　桃園站　候車　旅客　落軌　影響　千餘　名　旅客,t
高鐵辦捐血活動 董座江耀宗帶頭挽袖,高鐵　辦　捐血　活動　董座　江耀宗　帶頭　挽袖,e
高鐵局：延伸花900億 到屏東只快9分鐘,高鐵局　：　延伸　花　900億　到　屏東　只　快　9　分鐘,t
高鐵延至屏東？恐花900億元、卻只比台鐵快9分鐘,高鐵　延至　屏東　？　恐　花　900億　元　、　卻　只　比　台鐵　快　9　分鐘,t
高鐵捐血傳愛  董事長帶頭作公益,高鐵　捐血傳　愛　董事長　帶頭　作　公益,e
記者團試乘機捷直達車 實測到機場時間是…,記者　團試　乘機　捷　直達車　實　測到　機場　時間　是　…,t
7時52分發車 桃園捷運首班車160人搶搭,7時　52　分　發車　桃園　捷運　首　班車　160　人　搶　搭,t
重慶國小舞獅隊 高鐵台中站快閃賀歲,重慶　國小　舞獅隊　高鐵　台中站　快　閃　賀歲,e
環狀線施工 板新路16到28日晚間11時雙向封閉7小時,環狀線　施工　板新路　16　到　28　日　晚間　11時　雙向　封閉　7　小時,o
機捷個人試乘  4時段抽號碼牌,機捷　個　人　試　乘　4　時段　抽　號碼牌,e
高鐵228連假加開6班車 周六開放購票,高鐵　228　連假　加開　6　班車　周六　開放　購票,e
機捷體驗  這些站與時段人較少,機捷　體驗　這些　站　與　時段人　較少,t
機捷開放試乘第二天 民眾踴躍體驗,機捷　開放　試　乘　第二　天　民眾　踴躍　體驗,e
台茂搶機捷通車人潮 免費接駁車今首航,台茂　搶　機捷　通車　人潮　免費　接駁　車今　首航,t
機捷小確幸  航廈機場旅館往返零扣款,機捷小確幸　航廈　機場　旅館　往返　零扣　款,e
進出站太急 桃捷高鐵桃園站票口閘門被撞壞,進出　站　太　急　桃捷　高鐵　桃園站　票口　閘門　被　撞壞,s
機捷通車人潮減 民眾大讚好方便,機捷　通車　人潮　減　民眾　大　讚好　方便,t
中市議會考察捷運綠線電聯車組裝基地,中市　議會　考察　捷運　綠線　電聯車　組裝　基地,o
捷運車站變身藝術花園 快來一起耍花漾,捷運　車站　變身　藝術　花園　快　來　一起　耍花　漾,o
機捷代幣超搶手  鐵道迷瘋收藏,機捷代幣超　搶手　鐵道　迷瘋　收藏,o
營造機場捷運地景 復育秀英花四月雪,營造　機場捷運　地景　復育　秀英花　四月　雪,o
勞動節連假高鐵加開52班 4月1日開搶,勞動節　連假　高鐵　加開　52　班　4月　1日　開　搶,e
南港轉運站西站將啟用 高鐵轉乘更便利,南港　轉運站　西　站　將　啟用　高鐵　轉乘　更　便利,s
台北捷運變電箱供電異常 多站一度跳電,台北　捷運　變電箱　供電　異常　多　站　一　度　跳電,s
故宮南院在嘉義高鐵站 舉辦「打開亞洲之門」展覽,故宮　南院　在　嘉義　高鐵　站　舉辦　「　打開　亞洲　之　門　」　展覽,e
看好機捷通車桃猿隊前景 浪花鯛魚燒今開幕加入應猿,看好　機　捷　通車　桃　猿　隊　前景　浪花　鯛魚　燒　今　開幕　加入　應　猿,o
北捷市府站短暫跳電 影響旅客刷卡進出站,北捷　市府　站　短暫　跳電　影響　旅客　刷卡　進出　站,s
11日萬安演習 高鐵台南、左營站聯外交通停駛,11　日　萬安　演習　高鐵　台南　、　左營站　聯外　交通　停駛,t
萬安40號演習北捷及貓纜正常營運 旅客須暫時留站,萬安　40　號　演習　北捷　及　貓纜　正常　營運　旅客　須　暫時　留站,t
給媽咪「按」個讚 高鐵嘉義站感恩有禮,給　媽咪　「　按　」　個　讚　高鐵　嘉義　站　感恩　有禮,e
注意！13時30分萬安演習 高鐵這5站也受影響,注意　！　13時　30　分　萬安　演習　高鐵　這　5　站　也　受　影響,t
貓纜年度檢修作業 6月13日至7月1日暫停營運,貓纜　年度　檢修　作業　6月　13日　至　7月　1日　暫停　營運,t
中捷首列國產電聯車 昨抵北屯機廠,中捷　首　列　國產　電聯車　昨　抵　北屯　機廠,o
台南平實轉運站 地方要求共構規畫,台南　平實　轉運站　地方　要求　共　構　規畫,s
北捷萬大線一期暨信義線東延段 站名出爐,北捷　萬大　線　一　期　暨　信義　線東延段　站名　出爐,s
台灣美食展 高鐵便當新裝搶先亮相,台灣　美食展　高鐵　便當　新裝　搶先　亮相,e
阿公阿嬤高鐵台中站秀舞藝 展現銀髮族活力,阿公　阿嬤　高鐵　台中站秀　舞藝　展現　銀髮族　活力,e
桃捷引進全自動借書站 民眾搭車可看書,桃捷　引進　全自動　借　書　站　民眾　搭　車　可　看　書,o
印尼遊客體驗大陸高鐵 1小時往返南京、常州,印尼　遊客　體驗　大陸　高鐵　1　小時　往返　南京　、　常州,o
桃捷暫停A1預辦登機 太晚公告旅客撲空,桃捷　暫停　A　1預辦　登機　太晚　公告　旅客　撲空,s
新北捷運青年住宅租金補貼今日起受理,新　北　捷運　青年　住宅　租金　補貼　今日　起　受理,o
影》搶攻旅展！高鐵員工集訓「指差舞」表演,影　》　搶攻　旅展　！　高鐵　員工　集訓　「　指　差舞　」　表演,o
「來抓我啊！」小黑亂入北捷月台 保全狂奔追不到,「　來　抓　我　啊　！　」　小黑　亂　入　北捷　月台　保全　狂奔　追　不　到,s
啟動捷運沿線土地使用檢討 推動大眾運輸導向發展,啟動　捷運　沿線　土地　使用　檢討　推動　大眾　運輸　導向　發展,o
Line流傳參加活動送禮券 高鐵澄清：假的！,Line　流傳　參加　活動　送　禮券　高鐵　澄清　：　假　的　！,e
東門站列車故障影響2000人 　北捷：可辦退費,東門站　列車　故障　影響　2000　人　北捷　：　可　辦　退費,t
台南市捷運工程處籌備處成立 藍線拚2025年完工,台南市　捷運　工程處　籌備處　成立　藍線拚　2025年　完工,o
高鐵會員獨享離峰96折　立委不滿,高鐵　會員　獨享　離峰　96　折　立委　不滿,e
藝人徐若瑄代言桃園機場捷運,藝人　徐若瑄　代言　桃園　機場捷運,o
台中捷運綠線 路平二三階段開工 打造人本新綠廊,台中　捷運　綠線　路平　二三　階段　開工　打造　人本　新綠　廊,o
成立捷運工程籌備處 台南市2025年有「高架單軌」捷運,成立　捷運　工程　籌備處　台南市　2025年　有　「　高架　單軌　」　捷運,o
提升大台南運量 才能支稱捷運存續,提升　大　台南　運量　才　能　支　稱　捷運　存續,t
大學生快搶！高鐵寒假返鄉5折列車 加開28班,大學生　快　搶　！　高鐵　寒假　返鄉　5　折　列車　加開　28　班,e
高鐵元旦再增班 後天凌晨開放訂票,高鐵　元旦　再　增　班　後天　凌晨　開放　訂　票,e
捷運文湖線供電異常　狀況已排除,捷運　文湖線　供電　異常　狀況　已　排除,t
「一卡在手 直達美好」市民卡也能坐機捷,「　一　卡在　手　直達　美好　」　市民卡　也　能　坐　機捷,e
捷運站內跌倒腳踝受傷　家長控訴北捷態度傲慢,捷運站　內　跌倒　腳踝　受傷　家長　控訴　北捷　態度　傲慢,s
萬海快樂捐血日，2／20、2／21邀您挽袖響應,萬海　快樂　捐血日　，　2／20　、　2／21　邀　您　挽袖　響應,o
228連假高鐵加開6班次 16日凌晨搶票,228　連假　高鐵　加開　6　班次　16日　凌晨　搶　票,t
機捷故障 台北-三重間30分鐘一班車 台北站暫停登機服務,機捷　故障　台北　-　三重　間　30　分鐘　一　班車　台北　站　暫停　登機　服務,t
春節期間出遊注意　北捷調整發車班距,春節　期間　出遊　注意　北捷　調整　發車班　距,t
雲林海區鄉鎮喜訊高鐵站快捷客運路線啟用,雲林　海區　鄉鎮　喜訊　高鐵　站　快捷　客運　路線　啟用,t
原聲童聲合唱團快閃演出 歌聲縈繞高鐵站,原聲　童聲　合唱團　快　閃　演出　歌聲　縈繞　高鐵　站,e
北捷龍山寺站爆人潮！瘋排這個春節桃色幸運小物,北捷　龍山寺　站爆　人潮　！　瘋排　這　個　春節　桃色　幸運　小物,e
機場捷運出包 今天沒直達車  全部改為站站停,機場捷運　出　包　今天　沒　直達車　全部　改為　站站　停,t
機場捷運出包 今天沒直達車  全部改為站站停,機場捷運　出　包　今天　沒　直達車　全部　改為　站站　停,t
北捷內湖站提款機電線走火冒煙　不影響營運,北捷　內湖站　提款機　電線　走火　冒煙　不　影響　營運,s
高鐵公共藝術科技化打造虛擬互動AR劇場,高鐵　公共　藝術　科技化　打造　虛擬　互動　AR　劇場,o
Samsung Pay「嗶」進高捷！綁定萬事達卡暢行無阻,Samsung　Pay　「　嗶　」　進　高捷　！　綁定　萬事　達卡　暢行無阻,e
全球第三　高捷即起開放萬事達信用卡刷乘,全球　第三　高捷　即　起　開放　萬事　達　信用卡　刷　乘,e
信用卡搭捷運 高雄捷運獨步北亞,信用卡　搭　捷運　高雄　捷運　獨步　北亞,e
台北市政府捷運站 出現人潮參加跨年晚會,台北市政府　捷運站　出現　人潮　參加　跨年　晚會,e
野生動物入侵軌道 高鐵：將找出可能入侵地點,野生　動物　入侵　軌道　高鐵　：　將　找出　可能　入侵　地點,t
機場捷運A10山鼻站 元旦前化身「波力親子樂園」,機場捷運　A　10　山　鼻　站　元旦　前　化身　「　波力　親子　樂園　」,e
北市2019跨年晚會 交通管制暨疏運措施出爐,北市　2019　跨年　晚會　交通　管制　暨　疏運　措施　出爐,o
淡海輕軌23日通車 24日免費試乘1月,淡海　輕　軌　23　日　通車　24　日　免費　試　乘　1月,e
寒假加碼20班次大學生5折列車 高鐵：15日起開放購票,寒假　加碼　20　班次　大學生　5　折　列車　高鐵　：　15　日　起　開放　購票,e
高鐵加開大學生寒假5折返鄉列車　明起開搶,高鐵　加開　大學生　寒假　5　折　返鄉　列車　明　起　開　搶,e
高鐵大學生5折票寒假增20列15日開訂,高鐵　大學生　5　折　票　寒假　增　20　列　15日　開訂,e
元旦高鐵再加開6班列車 周六凌晨開放搶票,元旦　高鐵　再　加開　6　班　列車　周六　凌晨　開放　搶　票,e
北捷列車驚傳撞單車仍行駛12分鐘 北捷：未影響營運,北捷　列車　驚傳　撞　單車　仍　行駛　12　分鐘　北捷　：　未　影響　營運,t
每梯限30人 台灣高鐵寒假營隊將開放網路報名,每　梯　限　30　人　台灣高鐵　寒假　營隊　將　開放　網路　報名,e
動作要快！台灣高鐵寒假營隊12／3開放報名,動作　要　快　！　台灣高鐵　寒假　營隊　12／3　開放　報名,e
姚文智今晚造勢　北捷圓山站13條公車改道,姚文智　今晚　造勢　北捷　圓山　站　13　條　公車　改道,o
高鐵大誤點 通勤族又急又怕,高鐵　大　誤點　通勤族　又　急　又　怕,t
高鐵「難」延 支持者高喊投廢票回應,高鐵　「　難　」　延　支持者　高喊　投　廢票　回應,o
搶攻暖冬遊商機　高鐵假期每房最高補助2500元,搶攻　暖冬遊　商機　高鐵　假期　每　房　最　高　補助　2500　元,e
高鐵暖冬遊台北出發住宿墾丁不到2千元,高鐵　暖冬遊　台北　出發　住宿　墾丁　不　到　2千　元,e
大學紛紛減班  這間學校例外！,大學　紛紛　減　班　這　間　學校　例外　！,o
花博交通完全攻略！搭高鐵轉乘這裡最快　神岡接駁點停車格最多,花博　交通　完全　攻略　！　搭　高鐵　轉乘　這裡　最　快　神岡　接駁點　停車　格　最多,t
選舉疏運高鐵加開659班次　早鳥優惠最低享65折,選舉　疏運　高鐵　加開　659　班次　早　鳥　優惠　最　低　享　65　折,e
捷運出口音樂節21日復古新浪潮登場,捷運　出口　音樂節　21日　復古　新　浪潮　登場,e
京張高鐵清河站主體工程　正式封頂,京　張　高鐵　清河站　主體　工程　正式　封頂,o
桃園市新增2線市區公車到新北,桃園市　新增　2　線　市區　公車　到　新北,t
桃園捷運綠線G9站 環差通過復活,桃園　捷運　綠線　G　9　站　環差　通過　復活,s
桃園捷運綠線G9站　環差闖關復活,桃園　捷運　綠線　G　9　站　環差　闖關　復活,s
高鐵快閃打頭陣  國際踩舞祭造勢,高鐵　快　閃　打頭陣　國際　踩舞祭　造勢,e
「麵包樹」列車上路　高捷車廂好療癒,「　麵包樹　」　列車　上路　高捷　車廂　好　療癒,t
北市Ucar被迫喊卡 柯P：這不叫政策跳票,北市　Ucar　被迫　喊卡　柯　P　：　這　不　叫　政策　跳票,o
提升轉運便利 陳世凱爭取九德i-bike站,提升　轉運　便利　陳世凱　爭取　九德　i-bike　站,s
市議員陳世凱為民請命 爭取捷運G15九德站增設i-bike站,市議員　陳世凱　為民請命　爭取　捷運　G　15　九德站　增設　i-bike　站,s
中市鐵路高架化新五站將啟用 周邊房市受惠,中市　鐵路　高架　化　新　五　站　將　啟用　周邊　房市　受惠,o
 